Реплика;Эмоция;;;
Злорадствуй.;Anger;;;
Не поощряй.;Neutral;;;
Достань!;Neutral;;;
Она предвкушала.;Joy;;;
Она не хихикала.;Sadness;;;
Сокруши?;Neutral;;;
Она торжествовала.;Joy;;;
Цвети?;Joy;;;
Забеспокойся?;Fear;;;
Она невзлюбила!;Anger;;;
Она не восхищалась!;Anger;;;
Возрадуйся.;Joy;;;
Она не устрашалась!;Fear;;;
Она взъярилась?;Anger;;;
Поразись.;Surprise;;;
Она подивила?;Неграмматично;;;
Не смущай.;Neutral;;;
Не вспыли.;Neutral;;;
Не поражайся.;Neutral;;;
Конфузься?;Fear;;;
Она обалдела.;Surprise;;;
Не переживай!;Joy;;;
Она освещала.;Neutral;;;
Повеселей?;Joy;;;
Она не поверила!;Neutral;;;
Она сердилась?;Anger;;;
Процветай.;Joy;;;
Она не нервничала.;Neutral;;;
Она не устрашила?;Fear;;;
Умайся?;Surprise;;;
Прогневайся.;Anger;;;
Она повеселела?;Joy;;;
Не восхищай.;Joy;;;
Она измочалила.;Neutral;;;
Она не злила?;Surprise;;;
Она терроризировала?;Anger;;;
Не изведись!;Anger;;;
Она не струсила!;Neutral;;;
Она не отчаивалась!;Anger;;;
Не утоми!;Anger;;;
Скисай.;Anger;;;
Она не болела?;Surprise;;;
Надуйся.;Anger;;;
Она взбадривалась.;Joy;;;
Она запугала?;Surprise;;;
Конфузься!;Fear;;;
Не дрожи?;Surprise;;;
Она не спугивала.;Neutral;;;
Не уважай!;Anger;;;
Она не конфузилась?;Surprise;;;
Не улыбайся?;Sadness;;;
Она не тряслась.;Neutral;;;
Она не топала.;Neutral;;;
Удовлетворяй.;Joy;;;
Не болей.;Neutral;;;
Сердись?;Surprise;;;
Страдай!;Anger;;;
Не плачь?;Anger;;;
Не точи?;Surprise;;;
Она не запугала!;Anger;;;
Она погоревала.;Sadness;;;
Она не напугала!;Anger;;;
Не поникни!;Joy;;;
Она не покаялась?;Surprise;;;
Она истерзалась.;Fear;;;
Не расстройся!;Joy;;;
Она скисала?;Surprise;;;
Она не убивалась?;Anger;;;
Она леденела?;Fear;;;
Она маялась.;Sadness;;;
Не вытерпи?;Anger;;;
Она терзалась?;Anger;;;
Погрусти.;Sadness;;;
Она невзлюбила.;Anger;;;
Она опупела?;Anger;;;
Она не измоталась.;Neutral;;;
Она не разгневалась.;Joy;;;
Она не гордилась.;Sadness;;;
Не поволнуйся.;Joy;;;
Не опьяней?;Anger;;;
Она не боялась?;Surprise;;;
Не устрашайся!;Anger;;;
Она не разревелась.;Surprise;;;
Не озлобь.;Fear;;;
Не обидь?;Surprise;;;
Она терроризировала!;Fear;;;
Не заинтересуй!;Anger;;;
Она не скучала!;Sadness;;;
Не изнемогай!;Anger;;;
Не восхищай!;Anger;;;
Она не страшила?;Surprise;;;
Не убивай?;Anger;;;
Не обалдевай.;Anger;;;
Освежись.;Joy;;;
Она не приободрилась!;Anger;;;
Она не удовлетворялась!;Anger;;;
Она потрясла?;Surprise;;;
Прослезись?;Surprise;;;
Она смела?;Anger;;;
Не покайся!;Anger;;;
Огорчи.;Sadness;;;
Взбадривайся.;Joy;;;
Она не возрыдала?;Anger;;;
Бойся!;Fear;;;
Упейся!;Anger;;;
Не изведись?;Surprise;;;
Она не изнуряла.;Joy;;;
Она переволновалась.;Fear;;;
Она вдохновлялась!;Joy;;;
Она изнывала!;Sadness;;;
Она не привязывалась.;Sadness;;;
Соскучься.;Sadness;;;
Она истосковалась?;Sadness;;;
Не насыться.;Joy;;;
Она свирепела?;Surprise;;;
Возмущайся!;Anger;;;
Беси?;Surprise;;;
Не расстраивайся.;Joy;;;
Не возвеселись?;Surprise;;;
Она убоялась?;Fear;;;
Не топай?;Neutral;;;
Она удовлетворилась?;Joy;;;
Грусти!;Sadness;;;
Не торжествуй?;Surprise;;;
Она не переутомила!;Anger;;;
Она не волновалась.;Neutral;;;
Она не погрустнела!;Joy;;;
Не переволнуйся?;Surprise;;;
Она понервничала.;Fear;;;
Не томись?;Surprise;;;
Не обозли!;Anger;;;
Изной?;Sadness;;;
Она удовлетворяла.;Joy;;;
Не бесись?;Anger;;;
Она не осознавала?;Surprise;;;
Она поверила?;Surprise;;;
Она удовлетворилась.;Joy;;;
Она переболела.;Sadness;;;
Она не балдела!;Surprise;;;
Не балдей?;Anger;;;
Не проплачь.;Neutral;;;
Не ужасай!;Anger;;;
Не балдей!;Anger;;;
Не труси?;Surprise;;;
Она истомилась?;Surprise;;;
Гордись?;Neutral;;;
Она не дулась!;Anger;;;
Измотайся?;Anger;;;
Она вспылила.;Anger;;;
Она не недолюбливала.;Joy;;;
Окрылись!;Joy;;;
Она не позлилась.;Joy;;;
Она не стеснялась?;Surprise;;;
Не взбеси.;Anger;;;
Не рассерди?;Surprise;;;
Утомляй.;Sadness;;;
Не удивляйся.;Neutral;;;
Не гневи.;Anger;;;
Изумись?;Surprise;;;
Она терпела.;Fear;;;
Замучься?;Anger;;;
Стыдись!;Fear;;;
Она не измучилась!;Anger;;;
Расстрой.;Sadness;;;
Она измучилась!;Fear;;;
Она не утомлялась?;Surprise;;;
Она домучилась?;Anger;;;
Взбелени.;Неграмматично;;;
Не насыщайся?;Anger;;;
Разгневай!;Anger;;;
Она томилась.;Sadness;;;
Она не затосковала!;Anger;;;
Не смутись.;Joy;;;
Измотайся.;Sadness;;;
Она не переутомляла!;Joy;;;
Ошеломи!;Surprise;;;
Она изматывала!;Anger;;;
Она не помрачала?;Surprise;;;
Она упивалась.;Anger;;;
Она травмировала!;Anger;;;
Она подступала!;Fear;;;
Она мечтала.;Joy;;;
Домучься.;Sadness;;;
Надоедай.;Sadness;;;
Она взорвала.;Anger;;;
Она не сломилась.;Joy;;;
Не восторгай.;Sadness;;;
Она изнервничалась?;Surprise;;;
Не позлорадствуй?;Anger;;;
Освежай?;Joy;;;
Взорви.;Anger;;;
Раздражись!;Anger;;;
Разочаруй?;Surprise;;;
Она не подосадовала!;Joy;;;
Не смей!;Anger;;;
Переболей?;Surprise;;;
Не тревожься!;Joy;;;
Не обалдей.;Anger;;;
Она вознегодовала.;Неграмматично;;;
Не изуми!;Neutral;;;
Не рассвирепей!;Anger;;;
Не перетрусь.;Neutral;;;
Она пела?;Surprise;;;
Не затрави.;Neutral;;;
Встревожь?;Surprise;;;
Сохни.;Anger;;;
Не поплачь.;Neutral;;;
Не вытерпи.;Anger;;;
Она не возвеселилась!;Anger;;;
Она отчаивалась!;Joy;;;
Она не скисла!;Joy;;;
Не понравься?;Surprise;;;
Она раздражала?;Surprise;;;
Струхни.;Fear;;;
Она не смела.;Anger;;;
Ослепи?;Anger;;;
Не наслаждайся?;Surprise;;;
Она воспрянула.;Joy;;;
Она ужасала.;Fear;;;
Не надивись!;Joy;;;
Не сломись.;Joy;;;
Не повеселись?;Surprise;;;
Она огорчила!;Sadness;;;
Она не удивлялась?;Surprise;;;
Не опостылей.;Anger;;;
Она услаждалась!;Joy;;;
Наслаждайся.;Joy;;;
Она поразила?;Surprise;;;
Она спугивала!;Fear;;;
Она возрадовалась!;Joy;;;
Не льсти?;Surprise;;;
Убивай?;Anger;;;
Точи?;Neutral;;;
Не скучай?;Surprise;;;
Она развлекала?;Surprise;;;
Растревоживай.;Fear;;;
Разнервничайся.;Fear;;;
Не серчай!;Joy;;;
Она не рассердилась.;Neutral;;;
Ужасай!;Fear;;;
Не сторонись.;Neutral;;;
Гневи.;Anger;;;
Переволнуй?;Неграмматично;;;
Она не ободрялась!;Sadness;;;
Она не взорвалась?;Surprise;;;
Она не сломилась?;Surprise;;;
Не воспрянь?;Surprise;;;
Она настрадалась!;Sadness;;;
Не содрогайся!;Anger;;;
Не разревись.;Anger;;;
Она не угрюмела?;Surprise;;;
Она не удовольствовалась!;Sadness;;;
Она не разочаровала?;Surprise;;;
Она не гнела.;Неграмматично;;;
Она развлекла!;Joy;;;
Она не унывала?;Surprise;;;
Она взорвала!;Joy;;;
Она не тушевалась!;Joy;;;
Застращай?;Surprise;;;
Она не встревожила.;Neutral;;;
Не сникай.;Неграмматично;;;
Измотай!;Fear;;;
Она вспылила?;Surprise;;;
Она не поникла!;Joy;;;
Жалей?;Sadness;;;
Ликуй!;Joy;;;
Не потоскуй?;Surprise;;;
Она казнилась?;Surprise;;;
Она надулась.;Sadness;;;
Она страшилась?;Surprise;;;
Изнывай.;Sadness;;;
Она пуганула?;Fear;;;
Она не погневалась.;Neutral;;;
Осознавай?;Neutral;;;
Огорчайся.;Sadness;;;
Она не опасалась?;Surprise;;;
Она не ужаснула.;Neutral;;;
Не страдай?;Neutral;;;
Позлорадствуй!;Anger;;;
Раздосадуй.;Sadness;;;
Не скисни?;Surprise;;;
Она не затравила.;Joy;;;
Порадуйся!;Joy;;;
Она не досадовала?;Surprise;;;
Омрачись?;Surprise;;;
Раздразни!;Anger;;;
Она не угрожала!;Surprise;;;
Обожай.;Joy;;;
Она расцвела?;Joy;;;
Раздразнивай.;Anger;;;
Она не опечалила.;Joy;;;
Не взорвись.;Anger;;;
Трепещи!;Fear;;;
Она запугала.;Fear;;;
Не прогневай.;Anger;;;
Она не паниковала?;Surprise;;;
Не топай.;Neutral;;;
Сдрейфи!;Anger;;;
Она повеселела.;Joy;;;
Она озлобляла.;Anger;;;
Она сникала.;Sadness;;;
Она злобствовала.;Anger;;;
Она не возрыдала.;Neutral;;;
Удручай!;Sadness;;;
Не возмущайся?;Anger;;;
Она не убоялась?;Surprise;;;
Возвеселись.;Joy;;;
Не раздражи?;Anger;;;
Не растревожь?;Surprise;;;
Изнемогай!;Sadness;;;
Не удивись?;Surprise;;;
Она не восхитилась!;Anger;;;
Измучься?;Anger;;;
Она утомляла.;Sadness;;;
Казнись!;Anger;;;
Она приободрилась!;Joy;;;
Напугайся.;Fear;;;
Она сконфузилась!;Fear;;;
Она взбеленилась.;Anger;;;
Она приунывала!;Sadness;;;
Сторонись.;Fear;;;
Она не недолюбливала?;Surprise;;;
Она не сторонилась.;Neutral;;;
Она поощряла!;Joy;;;
Не дивись?;Surprise;;;
Она тушевалась.;Fear;;;
Устрашайся.;Fear;;;
Она не поражалась?;Surprise;;;
Она воскресала!;Joy;;;
Дрейфи?;Surprise;;;
Не перетрусь?;;;;
Она обидела!;Sadness;;;
Она не разнервничалась.;Neutral;;;
Не недолюбливай?;Surprise;;;
Она не услаждалась.;Sadness;;;
Освежи?;Surprise;;;
Она не озлила?;Fear;;;
Она забеспокоилась?;Surprise;;;
Не поднимай?;Surprise;;;
Обрадуй?;Joy;;;
Разозлись!;Anger;;;
Беспокойся?;Fear;;;
Не осердись?;Surprise;;;
Она мучила?;Sadness;;;
Убивай.;Anger;;;
Она не веселила!;Sadness;;;
Развесели!;Joy;;;
Настрадайся?;Surprise;;;
Она не сломила?;Surprise;;;
Заинтересуй.;Joy;;;
Она печалилась.;Sadness;;;
Не рассердись.;Neutral;;;
Она не удовольствовалась?;Sadness;;;
Горюй?;Sadness;;;
Она встряхивалась!;Joy;;;
Она погрустила?;Surprise;;;
Не стоскуйся.;Joy;;;
Она раздражилась!;Anger;;;
Она дивила?;Неграмматично;;;
Она разволновала.;Fear;;;
Она казнилась!;Неграмматично;;;
Она туманилась?;Surprise;;;
Не ужасай?;Surprise;;;
Она приунывала.;Sadness;;;
Возмути?;Surprise;;;
Не опасайся.;Joy;;;
Она не помрачала.;Joy;;;
Она не озлобила.;Joy;;;
Она заледенела?;Surprise;;;
Она не убивалась!;Anger;;;
Не удручи?;Неграмматично;;;
Она не испугалась?;Surprise;;;
Изматывайся!;Sadness;;;
Она утомляла!;Anger;;;
Она повредила?;Surprise;;;
Она поднимала.;Neutral;;;
Устрашись!;Fear;;;
Она торжествовала!;Joy;;;
Она не удовлетворялась.;Sadness;;;
Она не загрустила.;Joy;;;
Она не хандрила.;Joy;;;
Не поощряй?;Surprise;;;
Она окрылила?;Surprise;;;
Она развлекалась?;Neutral;;;
Она раздосадовалась!;Sadness;;;
Она не повеселилась.;Sadness;;;
Она не вознегодовала.;Неграмматично;;;
Обожгись!;Anger;;;
Она не изнывала?;Surprise;;;
Не испугай.;Neutral;;;
Услаждайся!;Joy;;;
Плачь!;Sadness;;;
Измотай.;Anger;;;
Она гордилась!;Joy;;;
Она не переутомляла?;Surprise;;;
Взвой?;Sadness;;;
Она обмерла.;Fear;;;
Взъярись!;Anger;;;
Не испугай!;Neutral;;;
Она не обозлила.;Neutral;;;
Не погневайся.;Fear;;;
Не побаивайся!;Joy;;;
Дивись!;Joy;;;
Не замучься?;Surprise;;;
Не раздражайся.;Anger;;;
Волнуйся!;Fear;;;
Опечаливай?;Surprise;;;
Удивись.;Surprise;;;
Возмущай.;Anger;;;
Она не исстрадалась?;Anger;;;
Она не ранила?;Surprise;;;
Не удивись.;Neutral;;;
Гневайся?;Surprise;;;
Проплачь?;Surprise;;;
Перепугайся!;Fear;;;
Она не тужила?;Surprise;;;
Вытерпи!;Joy;;;
Не упивайся?;Surprise;;;
Не загрусти!;Joy;;;
Она не огорчала.;Joy;;;
Она балдела!;Joy;;;
Рыдай!;Sadness;;;
Досадуй.;Sadness;;;
Она не повредила?;Surprise;;;
Она не устрашила!;Joy;;;
Она не опьянела?;Surprise;;;
Утомляйся!;Sadness;;;
Раздави?;Surprise;;;
Посмеивайся?;Joy;;;
Не воспрянь!;Anger;;;
Она скисла?;Surprise;;;
Не взбадривайся?;Sadness;;;
Она истомилась!;Sadness;;;
Она балдела?;Surprise;;;
Не подбодрись!;Sadness;;;
Она не взбеленила.;Neutral;;;
Не стращай!;Anger;;;
Угрюмей?;Sadness;;;
Она скорбела.;Sadness;;;
Она волновалась!;Fear;;;
Пригорюнься.;Sadness;;;
Не подшучивай!;Anger;;;
Она не услаждалась?;Surprise;;;
Она разнервничалась!;Fear;;;
Она натерпелась!;Anger;;;
Она привязывалась!;Sadness;;;
Поражайся!;Surprise;;;
Она не взбеленила?;Surprise;;;
Поникни.;Sadness;;;
Она изныла?;Anger;;;
Она позлилась!;Anger;;;
Она не утомилась.;Neutral;;;
Не струхни?;Surprise;;;
Стращай?;Surprise;;;
Не погорюй.;Joy;;;
Разревись.;Sadness;;;
Она восхищалась!;Joy;;;
Она не точила.;Neutral;;;
Она мучила!;Sadness;;;
Топай!;Anger;;;
Не гнети!;Joy;;;
Разочаруйся!;Sadness;;;
Удивись?;Surprise;;;
Она не печалилась.;Joy;;;
Она не горевала!;Joy;;;
Не расстройся?;Surprise;;;
Не диви?;Неграмматично;;;
Она не терзалась!;Joy;;;
Стесняйся!;Fear;;;
Она уважала.;Neutral;;;
Не утоми.;Anger;;;
Не рассмейся!;Sadness;;;
Не сломи!;Joy;;;
Хандри!;Anger;;;
Она смущала!;Fear;;;
Не освещай!;Anger;;;
Она опасалась?;Surprise;;;
Омрачи!;Sadness;;;
Она не веселила.;Sadness;;;
Она не доставала?;Surprise;;;
Обеспокой?;Fear;;;
Она сломилась?;Surprise;;;
Возрадуйся!;Joy;;;
Не стыдись!;Joy;;;
Плачь.;Sadness;;;
Соскучься!;Neutral;;;
Испугайся?;Fear;;;
Не хандри?;Neutral;;;
Не раздосадуйся!;Joy;;;
Не исстрадайся!;Anger;;;
Она заволновалась!;Fear;;;
Обожгись.;Anger;;;
Не злей?;Неграмматично;;;
Она не наскучила!;Anger;;;
Вытерпи?;Surprise;;;
Она взорвалась?;Fear;;;
Она проклинала?;Anger;;;
Она не омрачалась!;Fear;;;
Раздражись?;Anger;;;
Посмейся.;Joy;;;
Она устыдилась.;Fear;;;
Не взвой?;Surprise;;;
Она озлобила.;Anger;;;
Не утомляйся.;Neutral;;;
Она спугивала?;Surprise;;;
Она не разнервничалась?;Surprise;;;
Она переутомляла.;Sadness;;;
Она тревожила!;Fear;;;
Не грусти?;Sadness;;;
Не презирай!;Anger;;;
Она не изумила?;Surprise;;;
Она поражалась.;Surprise;;;
Не обалдей!;Anger;;;
Она блаженствовала.;Joy;;;
Она не посетовала!;Surprise;;;
Не встряхивайся!;Neutral;;;
Она не опечалилась!;Joy;;;
Не закручинься.;Joy;;;
Не разочаруйся?;Anger;;;
Она не взбеленилась?;Fear;;;
Не надоедай?;Surprise;;;
Утоми.;Sadness;;;
Она не заледенела.;Neutral;;;
Она изматывалась?;Sadness;;;
Она понравилась!;Joy;;;
Она надоедала!;Anger;;;
Она омрачила?;Surprise;;;
Не стервеней?;Anger;;;
Она не свирепела.;Joy;;;
Не обалдевай!;Anger;;;
Не ненавидь.;Joy;;;
Она не прогневала.;Neutral;;;
Не удручай!;Sadness;;;
Она не запугивала?;Surprise;;;
Она сконфузилась.;Fear;;;
Не прослезись!;Joy;;;
Она погрустнела.;Sadness;;;
Она переволновалась?;Surprise;;;
Она порадовала.;Joy;;;
Она не изнемогала!;Anger;;;
Она удивила!;Surprise;;;
Она конфузилась!;Fear;;;
Запугивай!;Fear;;;
Она не сокрушила!;Joy;;;
Расцвети.;Joy;;;
Она не содрогалась.;Neutral;;;
Она оплакала.;Sadness;;;
Насыться.;Joy;;;
Она подбодрилась.;Joy;;;
Изумляй.;Surprise;;;
Не перепугайся!;Joy;;;
Светись.;Joy;;;
Перетревожь!;Неграмматично;;;
Пошути!;Joy;;;
Не ошеломи.;Neutral;;;
Она не расстраивалась!;Joy;;;
Погрустней!;Sadness;;;
Она привязывалась.;Neutral;;;
Она нервничала!;Fear;;;
Она не цвела.;Sadness;;;
Обожгись?;Surprise;;;
Она сердила!;Anger;;;
Она не обидела?;Surprise;;;
Она не оплакивала!;Anger;;;
Ужаснись.;Fear;;;
Она не ужаснулась!;Joy;;;
Она восторгалась!;Joy;;;
Она не надеялась?;Surprise;;;
Она леденила?;Неграмматично;;;
Она не расцветала!;Sadness;;;
Она не светилась!;Sadness;;;
Она не забеспокоилась!;Joy;;;
Не заскучай.;Neutral;;;
Она не гневила.;Neutral;;;
Выстрадай.;Sadness;;;
Не угрюмей.;Joy;;;
Не освежи!;Neutral;;;
Не томись!;Joy;;;
Не гнети.;Neutral;;;
Она порадовалась?;Joy;;;
Не мучь.;Sadness;;;
Коли?;Neutral;;;
Она смеялась.;Joy;;;
Она удовлетворяла!;Joy;;;
Она досадовала.;Sadness;;;
Не хлебни?;Surprise;;;
Воспрянь.;Joy;;;
Не остолбеней?;Surprise;;;
Она не загоревала?;Surprise;;;
Она не измаялась?;Surprise;;;
Не потрясай.;Neutral;;;
Не застращай.;Neutral;;;
Она не радовалась?;Sadness;;;
Не упейся?;Anger;;;
Любуйся!;Joy;;;
Она осточертела!;Anger;;;
Упейся?;Surprise;;;
Она не доставала.;Neutral;;;
Беси.;Anger;;;
Приободряйся!;Joy;;;
Она не кручинилась.;Joy;;;
Обмирай!;Неграмматично;;;
Сокрушайся.;Sadness;;;
Трясись.;Fear;;;
Она наслаждалась?;Joy;;;
Не изводись?;Sadness;;;
Она домучилась!;Sadness;;;
Не вымотай.;Sadness;;;
Не разъяри!;Fear;;;
Она не подавляла!;Anger;;;
Не цвети.;Sadness;;;
Не озли?;Anger;;;
Гневи!;Anger;;;
Предвкушай.;Joy;;;
Она не захватывала?;Surprise;;;
Светись!;Joy;;;
Она изнемогла.;Sadness;;;
Она не обиделась?;Surprise;;;
Она растревожила!;Fear;;;
Она не раздражала!;Joy;;;
Она не понервничала?;Surprise;;;
Не вознегодуй!;Anger;;;
Подиви?;Неграмматично;;;
Не шантажируй!;Anger;;;
Нарадуйся?;Неграмматично;;;
Она не скисла.;Neutral;;;
Переверни.;Neutral;;;
Она не приунывала!;Joy;;;
Не убей.;Anger;;;
Не травмируй!;Anger;;;
Она расстраивалась!;Sadness;;;
Она возмущала.;Anger;;;
Она испугалась?;Surprise;;;
Она возмутилась!;Anger;;;
Она опечаливала?;Surprise;;;
Она не встревожилась?;Surprise;;;
Она погрустнела?;Surprise;;;
Поволнуйся.;Fear;;;
Замучивайся?;Surprise;;;
Она опьянела.;Neutral;;;
Она не отпугивала.;Joy;;;
Не беси!;Anger;;;
Она взбеленила.;Неграмматично;;;
Рассвирепей?;Anger;;;
Она не сконфузилась!;Surprise;;;
Не удовлетворись.;Sadness;;;
Она не конфузилась.;Joy;;;
Она не просияла!;Anger;;;
Она не прискучивала.;Joy;;;
Она тяготила.;Sadness;;;
Она не балдела.;Sadness;;;
Изумляй?;Surprise;;;
Она не вознегодовала!;Anger;;;
Она не страшилась?;Surprise;;;
Она не топала!;Anger;;;
Она не поражала.;Sadness;;;
Не проклинай?;Surprise;;;
Убойся.;Sadness;;;
Она помучилась?;Anger;;;
Она переживала?;Surprise;;;
Она злилась?;Fear;;;
Обозлись?;Anger;;;
Она не смеялась!;Anger;;;
Возмущайся.;Sadness;;;
Она развлекалась.;Joy;;;
Она не терпела!;Anger;;;
Веселись.;Joy;;;
Она не повеселела.;Sadness;;;
Она не ободрилась.;Sadness;;;
Она перевернула!;Joy;;;
Она не настрадалась.;Anger;;;
Она не унывала!;Joy;;;
Она не надеялась!;Sadness;;;
Она не разволновала!;Joy;;;
Не измучься?;Surprise;;;
Не заскучай!;Joy;;;
Она не печалилась!;Joy;;;
Не презирай?;Surprise;;;
Не блаженствуй.;Sadness;;;
Она не нервничала?;Surprise;;;
Она злела?;Неграмматично;;;
Кручинься?;Surprise;;;
Она помрачила?;Неграмматично;;;
Насмехайся.;Anger;;;
Диви?;Неграмматично;;;
Раздразни?;Surprise;;;
Она не гневила!;Surprise;;;
Раздражай!;Anger;;;
Нервничай.;Surprise;;;
Она не промаялась?;Surprise;;;
Она не утомляла.;Joy;;;
Она переволновалась!;Joy;;;
Она разволновала!;Joy;;;
Не вдохновляйся?;Surprise;;;
Изнури?;Surprise;;;
Пьяней?;Surprise;;;
Не надейся?;Sadness;;;
Обалдей!;Surprise;;;
Она не сердилась.;Joy;;;
Не захандри!;Joy;;;
Не раздразни!;Joy;;;
Она не обидела.;Joy;;;
Освежайся!;Joy;;;
Она бесилась!;Anger;;;
Рыдай.;Sadness;;;
Сердись!;Anger;;;
Не обомри?;Surprise;;;
Она не обожглась!;Joy;;;
Взорви?;Surprise;;;
Она освежала.;Joy;;;
Расстройся!;Sadness;;;
Она не загрустила?;Surprise;;;
Она не разобиделась.;Joy;;;
Не замучься!;Anger;;;
Не развлекайся!;Sadness;;;
Не побойся.;Joy;;;
Ошеломи.;Surprise;;;
Она не прогневалась!;Joy;;;
Не обрадуй.;Sadness;;;
Не наскучивай!;Joy;;;
Она гневила!;Anger;;;
Она не вымотала.;Joy;;;
Не выматывай?;Surprise;;;
Она не устрашилась?;Surprise;;;
Не оплачь.;Joy;;;
Не фыркай?;Surprise;;;
Переутомляй!;Joy;;;
Насыться!;Joy;;;
Истоскуйся.;Sadness;;;
Не поволнуйся?;Surprise;;;
Она не посмеивалась.;Sadness;;;
Она огорчалась?;Sadness;;;
Окрылись?;Surprise;;;
Она не сторонилась!;Joy;;;
Не негодуй?;Anger;;;
Она не серчала?;Fear;;;
Она не презирала!;Joy;;;
Не раздосадуй!;Anger;;;
Она не пьянела.;Neutral;;;
Скорби?;Sadness;;;
Не злей.;Неграмматично;;;
Она порадовалась.;Joy;;;
Обозлись!;Anger;;;
Поплачь?;Sadness;;;
Не соскучься.;Joy;;;
Она не надоела?;Anger;;;
Она не серчала!;Joy;;;
Она омрачалась?;Sadness;;;
Она дрожала?;Fear;;;
Она натерпелась?;Surprise;;;
Развеселись?;Joy;;;
Она растревожила?;Surprise;;;
Не устрашай.;Sadness;;;
Надуйся!;Anger;;;
Не проплачь?;Surprise;;;
Рассерди!;Anger;;;
Не угрожай.;Anger;;;
Утомляй!;Anger;;;
Исстрадайся!;Sadness;;;
Томись.;Anger;;;
Льсти?;Surprise;;;
Она не удивилась!;Anger;;;
Она не измочалила!;Anger;;;
Не насыться!;Anger;;;
Не бойся.;Joy;;;
Она обмирала!;Sadness;;;
Она не беспокоилась!;Anger;;;
Она не никла?;Surprise;;;
Она затосковала?;Sadness;;;
Она злила!;Anger;;;
Она не травмировала?;Surprise;;;
Она невзлюбила?;Surprise;;;
Подавляй?;Surprise;;;
Она не пела?;Neutral;;;
Измучься!;Anger;;;
Она не пугнула?;Surprise;;;
Не труси.;Anger;;;
Не приунывай?;Neutral;;;
Она насытилась.;Neutral;;;
Не обидь.;Neutral;;;
Она изматывалась.;Sadness;;;
Не измотайся.;Anger;;;
Не восторгайся.;Sadness;;;
Не дрейфи.;Joy;;;
Не исстрадайся.;Joy;;;
Не заскучай?;Surprise;;;
Она воспрянула!;Joy;;;
Домучься!;Sadness;;;
Она возрадовалась.;Joy;;;
Она не пела!;Neutral;;;
Развлекайся?;Surprise;;;
Погневайся.;Anger;;;
Она сокрушалась?;Surprise;;;
Она страшилась.;Fear;;;
Она не злилась?;Surprise;;;
Она не обожглась?;Fear;;;
Не смущайся!;Joy;;;
Не измочаливай.;Neutral;;;
Она опупела.;Surprise;;;
Она не воскресала!;Surprise;;;
Она не удивилась?;Surprise;;;
Приунывай!;Sadness;;;
Она не развлекала.;Neutral;;;
Она заинтересовала!;Joy;;;
Она отчаивалась.;Sadness;;;
Не достань!;Anger;;;
Не процветай?;Surprise;;;
Удовлетворяйся!;Joy;;;
Заледеней?;Surprise;;;
Она ужасала?;Fear;;;
Она обиделась?;Sadness;;;
Повеселись!;Joy;;;
Она нарадовалась?;Joy;;;
Она не вдохновлялась?;Sadness;;;
Она уважала!;Joy;;;
Она любовалась.;Joy;;;
Поволнуйся?;Fear;;;
Разволнуй.;Fear;;;
Она злобствовала?;Anger;;;
Не серди?;Anger;;;
Сожалей?;Surprise;;;
Не порази?;Surprise;;;
Не мучься?;Sadness;;;
Она печалила.;Sadness;;;
Она не забоялась?;Surprise;;;
Не радуй.;Sadness;;;
Растревожь!;Fear;;;
Гнети?;Surprise;;;
Она опостылела.;Anger;;;
Она не развеселилась?;Sadness;;;
Она злила?;Anger;;;
Не удивляй?;Surprise;;;
Не терзайся!;Joy;;;
Не ликуй.;Sadness;;;
Не насыщайся!;Sadness;;;
Услаждайся.;Joy;;;
Не устрашись.;Neutral;;;
Она сердила.;Anger;;;
Она расстраивалась.;Sadness;;;
Расстрой?;Sadness;;;
Поднимай!;Neutral;;;
Она беспокоила.;Fear;;;
Она не конфузилась!;Joy;;;
Надейся?;Sadness;;;
Не измочаль.;Неграмматично;;;
Она не подавила.;Neutral;;;
Не пугни!;Fear;;;
Она пошутила.;Joy;;;
Не пошути.;Sadness;;;
Она разнервничалась?;Surprise;;;
Она не невзлюбила.;Anger;;;
Заволнуйся?;Fear;;;
Не озлобь?;Surprise;;;
Она не переволновалась.;Neutral;;;
Балдей!;Joy;;;
Она не возмутила!;Anger;;;
Она не возликовала?;Surprise;;;
Заволнуйся.;Fear;;;
Она нервничала?;Surprise;;;
Она не ранила!;Anger;;;
Она обалдевала.;Joy;;;
Она не помучилась?;Sadness;;;
Она дивила.;Surprise;;;
Угрожай?;Anger;;;
Она не запугивала!;Anger;;;
Она не любовалась?;Sadness;;;
Не позли!;Anger;;;
Умайся!;Anger;;;
Потряси.;Neutral;;;
Осердись.;Anger;;;
Побаивайся!;Fear;;;
Не обозлись.;Fear;;;
Не скисай.;Joy;;;
Она утомила!;Anger;;;
Она ослепила!;Joy;;;
Она не взорвалась.;Neutral;;;
Она изматывала?;Surprise;;;
Она интересовалась?;Surprise;;;
Она гневила?;Anger;;;
Не погневайся?;Fear;;;
Рассерчай.;Anger;;;
Она повеселилась.;Joy;;;
Не шантажируй.;Anger;;;
Не пьяней?;Surprise;;;
Пугани.;Fear;;;
Изнури.;Sadness;;;
Она не бесила?;Anger;;;
Она огорчала.;Sadness;;;
Подавляй.;Anger;;;
Взвой.;Sadness;;;
Не устрашись!;Joy;;;
Она не удручила.;Joy;;;
Опупей.;Fear;;;
Надуйся?;Sadness;;;
Хмурься.;Sadness;;;
Развлеки!;Joy;;;
Не возмутись?;Surprise;;;
Она грустила.;Sadness;;;
Не посмеивайся.;Sadness;;;
Она печалила!;Sadness;;;
Она ободрялась.;Joy;;;
Не изнервничайся?;Neutral;;;
Она не окрылилась?;Surprise;;;
Не нервничай.;Neutral;;;
Она раздражалась.;Anger;;;
Не сдрейфи?;Surprise;;;
Она не извелась!;Anger;;;
Угрюмей.;Sadness;;;
Трясись!;Fear;;;
Не приободрись.;Sadness;;;
Она не раздосадовалась!;Joy;;;
Не перетревожь!;Anger;;;
Не опечаль!;Joy;;;
Воскресни!;Joy;;;
Не обижайся?;Anger;;;
Ободрись!;Joy;;;
Она оживила?;Surprise;;;
Она не развеселилась!;Sadness;;;
Она не растревожила.;Neutral;;;
Она освежалась.;Joy;;;
Она не устрашила.;Neutral;;;
Она веселилась!;Joy;;;
Она не наскучивала!;Joy;;;
Она утомилась.;Sadness;;;
Измайся!;Sadness;;;
Не нервничай!;Neutral;;;
Сожалей!;Sadness;;;
Не загрусти.;Joy;;;
Она не омрачила?;Surprise;;;
Не смутись!;Joy;;;
Она не томилась.;Joy;;;
Поражайся?;Surprise;;;
Она не повеселела?;Sadness;;;
Она просияла!;Joy;;;
Не невзлюби?;Surprise;;;
Не понравься.;Sadness;;;
Недоумевай!;Anger;;;
Не надоешь?;Неграмматично;;;
Майся.;Sadness;;;
Недолюбливай!;Anger;;;
Она не развеселила!;Sadness;;;
Удивляй!;Surprise;;;
Ободряйся!;Joy;;;
Она удручала?;Surprise;;;
Она прогневалась?;Anger;;;
Диви!;Surprise;;;
Не изматывайся!;Joy;;;
Она изумила!;Surprise;;;
Не ужасайся?;Surprise;;;
Не рассмеши?;Surprise;;;
Она взбеленила?;Surprise;;;
Восхитись!;Joy;;;
Перетрусь.;Fear;;;
Она не измучилась?;Surprise;;;
Смейся.;Joy;;;
Она осердилась.;Anger;;;
Вдохновляйся!;Joy;;;
Она измаялась?;Sadness;;;
Она озлоблялась.;Anger;;;
Она хватила?;Surprise;;;
Она не удовольствовалась.;Sadness;;;
Она не страдала?;Surprise;;;
Она повеселела!;Joy;;;
Не рассвирепей.;Neutral;;;
Она не возликовала.;Sadness;;;
Потрясай!;Surprise;;;
Она терзалась.;Sadness;;;
Дивись?;Surprise;;;
Она не окрылила.;Sadness;;;
Не удручи!;Anger;;;
Она озлила?;Anger;;;
Она не пошутила?;Surprise;;;
Она сокрушила?;Surprise;;;
Потряси!;Surprise;;;
Не прискучивай!;Anger;;;
Обозли!;Anger;;;
Она встряхнулась?;Surprise;;;
Она не злила.;Neutral;;;
Скисни!;Sadness;;;
Обидься?;Sadness;;;
Окрыли.;Joy;;;
Она заволновалась?;Fear;;;
Не нарадуйся.;Joy;;;
Она не встряхнулась?;Surprise;;;
Не сконфузься?;Surprise;;;
Она огорчала?;Sadness;;;
Поражай?;Surprise;;;
Она тряслась.;Fear;;;
Она не позабавилась.;Sadness;;;
Приободрись?;Surprise;;;
Подбодрись.;Joy;;;
Она рыдала.;Sadness;;;
Не недолюбливай!;Anger;;;
Она пригорюнилась!;Sadness;;;
Покайся!;Anger;;;
Она не маялась.;Sadness;;;
Не восхищайся?;Surprise;;;
Она ужасалась!;Fear;;;
Развесели.;Joy;;;
Не помрачись!;Joy;;;
Не натерпись!;Joy;;;
Не печалься!;Joy;;;
Она не возрыдала!;Joy;;;
Не встревожь.;Neutral;;;
Она волновалась.;Fear;;;
Она обиделась.;Sadness;;;
Она перенервничала?;Fear;;;
Не разобидься?;Surprise;;;
Она освежала!;Joy;;;
Она взволновала.;Fear;;;
Не восхитись.;Neutral;;;
Она не никла!;Joy;;;
Она не насыщалась?;Surprise;;;
Она тревожила.;Fear;;;
Она осерчала?;Anger;;;
Она устрашала!;Fear;;;
Она озлоблялась?;Anger;;;
Она умаяла!;Sadness;;;
Захандри?;Sadness;;;
Обеспокойся!;Fear;;;
Не умаивай.;Anger;;;
Не раздражись!;Fear;;;
Не удручи.;Joy;;;
Она прослезилась?;Sadness;;;
Она жгла.;Joy;;;
Испугай?;Surprise;;;
Не затрави!;Anger;;;
Она изныла!;Sadness;;;
Она тревожила?;Fear;;;
Она не терроризировала!;Anger;;;
Не хвати!;Anger;;;
Отпугивай.;Fear;;;
Она прогневала.;Anger;;;
Выстрадай!;Sadness;;;
Она дулась.;Sadness;;;
Бесись!;Anger;;;
Она гнела!;Неграмматично;;;
Она возликовала.;Joy;;;
Не зли!;Fear;;;
Ужасайся?;Fear;;;
Она ненавидела.;Anger;;;
Не намучься?;Surprise;;;
Она не привязывалась?;Surprise;;;
Она развлеклась.;Joy;;;
Она не восхищалась.;Sadness;;;
Она измочаливала?;Sadness;;;
Она терпела!;Anger;;;
Она не забоялась.;Joy;;;
Она закручинилась!;Sadness;;;
Поверь.;Neutral;;;
Она не заледенела?;Surprise;;;
Удивляйся?;Surprise;;;
Она наслаждалась.;Joy;;;
Не возрыдай.;Joy;;;
Она возмущала!;Anger;;;
Не раздражай.;Anger;;;
Она не сохла?;Surprise;;;
Она сожалела.;Sadness;;;
Сникай.;Неграмматично;;;
Возненавидь.;Anger;;;
Не терроризируй!;Anger;;;
Не устыдись.;Neutral;;;
Она не подивила.;Neutral;;;
Огорчайся!;Sadness;;;
Она не ободрялась.;Sadness;;;
Не плачь!;Joy;;;
Посмеивайся.;Joy;;;
Она не вдохновлялась.;Sadness;;;
Разревись?;Sadness;;;
Она озлобилась!;Anger;;;
Она озлилась.;Sadness;;;
Она встревожила.;Fear;;;
Не прогневай?;Surprise;;;
Она не светилась.;Sadness;;;
Она помрачала!;Sadness;;;
Умайся.;Sadness;;;
Она злобствовала!;Anger;;;
Не разъяри.;Fear;;;
Восторгайся!;Joy;;;
Она не помрачилась.;Joy;;;
Она надоедала?;Anger;;;
Возрыдай?;Sadness;;;
Она не дивила.;Neutral;;;
Гнети!;Anger;;;
Она удовлетворилась!;Joy;;;
Она гордилась.;Joy;;;
Изумись.;Joy;;;
Она не ликовала?;Sadness;;;
Не уважай?;Anger;;;
Измочаливай?;Anger;;;
Она тужила.;Sadness;;;
Она омрачала.;Sadness;;;
Она томилась!;Sadness;;;
Она не перетревожила?;Fear;;;
Изнуряй.;Sadness;;;
Не разозли.;Fear;;;
Она не утомила?;Surprise;;;
Она не перенервничала?;Surprise;;;
Не свирепей?;Surprise;;;
Восторгайся.;Joy;;;
Не взбелени?;Surprise;;;
Отчайся?;Sadness;;;
Не бесись!;Anger;;;
Она опасалась!;Fear;;;
Она точила.;Neutral;;;
Не перетревожь?;Неграмматично;;;
Не вознегодуй?;Fear;;;
Она терзалась!;Sadness;;;
Не изнывай!;Joy;;;
Она устрашилась!;Fear;;;
Она не предвкушала!;Sadness;;;
Не взбодрись.;Sadness;;;
Не обеспокойся!;Joy;;;
Она развлекалась!;Joy;;;
Подшучивай?;Joy;;;
Промайся!;Sadness;;;
Она умаяла.;Sadness;;;
Она не хватила?;Surprise;;;
Она доставала.;Anger;;;
Не разгневайся.;Fear;;;
Надивись?;Surprise;;;
Она не изныла!;Joy;;;
Не нервируй.;Anger;;;
Она не изнемогла?;Surprise;;;
Не взбелени.;Fear;;;
Она отчаивалась?;Sadness;;;
Она не взбеленилась!;Surprise;;;
Она утомлялась?;Sadness;;;
Она порадовала!;Joy;;;
Она разъярила.;Anger;;;
Погорюй!;Sadness;;;
Она встряхнулась!;Joy;;;
Она преследовала?;Anger;;;
Не терроризируй?;Anger;;;
Она злобилась!;Anger;;;
Она не колола!;Anger;;;
Изводись.;Sadness;;;
Она не испугалась.;Joy;;;
Она не порадовала.;Sadness;;;
Не скучай!;Joy;;;
Вдохновляйся.;Joy;;;
Она не озлоблялась?;Surprise;;;
Разочаруйся.;Sadness;;;
Веселись?;Joy;;;
Оплачь?;Sadness;;;
Она не торжествовала!;Sadness;;;
Не изумляйся?;Surprise;;;
Она измочалила!;Anger;;;
Повеселей.;Joy;;;
Испугай!;Fear;;;
Не возвеселись.;Sadness;;;
Не повреди?;Surprise;;;
Она не повредила.;Joy;;;
Не озли.;Fear;;;
Она сломила?;Sadness;;;
Не поражайся?;Neutral;;;
Она не пугалась.;Neutral;;;
Она тревожилась?;Fear;;;
Не устыдись!;Joy;;;
Она не смущалась!;Joy;;;
Раздражи.;Anger;;;
Она изнуряла?;Sadness;;;
Изуми!;Surprise;;;
Она не разочаровала!;Joy;;;
Она перевернула.;Neutral;;;
Люби.;Joy;;;
Унывай!;Sadness;;;
Не услаждайся!;Sadness;;;
Она освежила.;Joy;;;
Не разволнуй!;Joy;;;
Она сокрушила!;Anger;;;
Обрадуй!;Joy;;;
Она не замучивалась.;Neutral;;;
Не удовлетворись?;Sadness;;;
Она застращала!;Fear;;;
Она не тревожила?;Surprise;;;
Не привязывайся!;Anger;;;
Не леденей.;Neutral;;;
Не жги.;Neutral;;;
Дави?;Anger;;;
Она угрюмела?;Sadness;;;
Она не взорвала.;Sadness;;;
Не расстраивай?;Joy;;;
Она не выматывала?;Surprise;;;
Огорчи?;Sadness;;;
Не приободрись!;Sadness;;;
Не надоедай!;Anger;;;
Она прогневала?;Anger;;;
Она не взвыла!;Joy;;;
Не стесняйся.;Joy;;;
Она не терпела?;Surprise;;;
Не соскучься!;Joy;;;
Не заинтересуй.;Neutral;;;
Измочаль?;Неграмматично;;;
Она не дрейфила!;Joy;;;
Скисай!;Sadness;;;
Она не восторгалась!;Sadness;;;
Она кручинилась!;Sadness;;;
Она трусила.;Fear;;;
Она не злобствовала.;Neutral;;;
Опасайся.;Fear;;;
Она не перепугалась.;Neutral;;;
Воскресни.;Neutral;;;
Не встревожься?;Neutral;;;
Она не порадовала?;Sadness;;;
Она сникла.;Sadness;;;
Она не раздражила.;Neutral;;;
Она не стыдилась.;Joy;;;
Она никла!;Sadness;;;
Не дуйся?;Surprise;;;
Она стервенела.;Anger;;;
Не устраши?;Neutral;;;
Она не рассерчала!;Joy;;;
Не ужасни.;Neutral;;;
Не удиви.;Neutral;;;
Волнуй?;Fear;;;
Не гордись?;Sadness;;;
Она не расстраивалась.;Joy;;;
Не поверь!;Surprise;;;
Обожай?;Joy;;;
Восхищайся.;Joy;;;
Она не проплакала.;Joy;;;
Надоешь?;Surprise;;;
Жалей.;Sadness;;;
Она не заскучала.;Joy;;;
Взгрустни.;Sadness;;;
Она не побоялась!;Joy;;;
Расстраивайся.;Sadness;;;
Она не колола?;Surprise;;;
Она ужаснула?;Fear;;;
Она отчаялась!;Joy;;;
Она рассердила?;Sadness;;;
Не пугай.;Anger;;;
Она не погоревала.;Joy;;;
Не гневи!;Anger;;;
Не достань.;Neutral;;;
Изведись.;Sadness;;;
Она не разревелась!;Surprise;;;
Не обрадуйся?;Sadness;;;
Она удовлетворяла?;Joy;;;
Она разочаровала?;Sadness;;;
Она серчала!;Anger;;;
Она не огорчила!;Joy;;;
Она боялась!;Fear;;;
Она не прослезилась?;Surprise;;;
Она помрачилась.;Sadness;;;
Она не воскресила?;Sadness;;;
Обалдевай!;Surprise;;;
Не окрысься?;Anger;;;
Она раздражила?;Anger;;;
Не предвкушай.;Sadness;;;
Озлись?;Anger;;;
Обозли?;Anger;;;
Обозлись.;Anger;;;
Она сдрейфила.;Fear;;;
Она подшучивала?;Surprise;;;
Она прослезилась!;Sadness;;;
Не хихикай!;Joy;;;
Взбеленись!;Неграмматично;;;
Она не воскресала.;Sadness;;;
Не изумляйся.;Neutral;;;
Разъяри.;Anger;;;
Не печаль?;Surprise;;;
Обомри?;Surprise;;;
Не кисни?;Surprise;;;
Она наскучивала.;Sadness;;;
Не взорви?;Surprise;;;
Истерзайся?;Sadness;;;
Подступай.;Neutral;;;
Она опечалила!;Sadness;;;
Она не переутомляла.;Joy;;;
Она не соскучилась.;Sadness;;;
Она намыкалась?;Anger;;;
Не ободряйся?;Surprise;;;
Смей.;Неграмматично;;;
Она не разочаровалась?;Surprise;;;
Не ледени.;Neutral;;;
Она озлоблялась!;Joy;;;
Пьяней!;Anger;;;
Глуши?;Surprise;;;
Ослепи!;Anger;;;
Она не опечаливала!;Joy;;;
Она рассердилась.;Anger;;;
Она опечалилась?;Sadness;;;
Она не отпугивала?;Surprise;;;
Не оплакивай!;Anger;;;
Она не льстила.;Sadness;;;
Смутись!;Fear;;;
Не кручинься?;Surprise;;;
Не взволнуй!;Neutral;;;
Изнемоги!;Sadness;;;
Не осточертей.;Anger;;;
Она не пугнула!;Surprise;;;
Не мучь?;Surprise;;;
Помрачайся?;Sadness;;;
Ужасни.;Fear;;;
Она не погневалась?;Fear;;;
Она надулась!;Sadness;;;
Она точила?;Surprise;;;
Не воскресни?;Surprise;;;
Она не перетревожила.;Неграмматично;;;
Она не перепугала.;Joy;;;
Тоскуй?;Sadness;;;
Перенервничай?;Fear;;;
Изумляйся?;Surprise;;;
Озлись!;Anger;;;
Она загоревала.;Sadness;;;
Не развлеки.;Sadness;;;
Она не опьянела!;Anger;;;
Пугай?;Fear;;;
Она не напугала?;Surprise;;;
Не развесели.;Sadness;;;
Не омрачись?;Surprise;;;
Она не изнурила!;Joy;;;
Она не переживала!;Joy;;;
Она помрачалась.;Sadness;;;
Она не плакала?;Surprise;;;
Она не поразила!;Sadness;;;
Она не гнела?;Неграмматично;;;
Она воскресла!;Joy;;;
Она измаялась.;Sadness;;;
Она огорчалась.;Sadness;;;
Она не опасалась.;Joy;;;
Она пугала.;Fear;;;
Обалдевай.;Surprise;;;
Не изумляйся!;Anger;;;
Она взбесилась!;Anger;;;
Она злорадствовала!;Anger;;;
Не приободряйся?;Surprise;;;
Она не раздосадовала!;Joy;;;
Не страшись!;Joy;;;
Она устрашилась?;Fear;;;
Она не сокрушалась!;Joy;;;
Огорчись.;Sadness;;;
Не ободрись!;Sadness;;;
Разочаруй!;Sadness;;;
Она не измотала?;Surprise;;;
Не смутись?;Surprise;;;
Не погрусти?;Surprise;;;
Не насмехайся.;Sadness;;;
Она не улыбалась?;Sadness;;;
Она раздавила.;Neutral;;;
Не измотайся!;Anger;;;
Она струхнула?;Fear;;;
Страдай?;Sadness;;;
Не сломи?;Neutral;;;
Не рассмеши.;Sadness;;;
Она перетерпела!;Joy;;;
Не омрачись!;Joy;;;
Не злей!;Joy;;;
Она не сосала!;Anger;;;
Прискучивай?;Неграмматично;;;
Она разгневалась?;Fear;;;
Истомись?;Surprise;;;
Закручинься!;Sadness;;;
Весели?;Joy;;;
Она не порадовалась.;Sadness;;;
Она воскресала?;Neutral;;;
Она скучала?;Surprise;;;
Она дивилась.;Surprise;;;
Перетрусь?;Fear;;;
Она поверила.;Neutral;;;
Она не дивила!;Неграмматично;;;
Не воскрешай?;Surprise;;;
Она не стосковалась?;Surprise;;;
Мучься?;Sadness;;;
Не измучься!;Anger;;;
Плавай.;Neutral;;;
Не напугай!;Anger;;;
Она не тяготила?;Surprise;;;
Она возрадовалась?;Surprise;;;
Не умаивай?;Неграмматично;;;
Не посетуй?;Surprise;;;
Она не домучилась.;Sadness;;;
Она не процветала?;Surprise;;;
Намучься.;Sadness;;;
Она не подшучивала!;Joy;;;
Не утомляй!;Anger;;;
Она достала!;Anger;;;
Она устрашила?;Fear;;;
Она не злобилась.;Joy;;;
Она промаялась?;Surprise;;;
Не переутомляй?;Surprise;;;
Она расстроила.;Sadness;;;
Она омрачилась?;Sadness;;;
Серчай!;Anger;;;
Она не обижалась!;Neutral;;;
Она не озлобляла?;Surprise;;;
Она изнервничалась!;Fear;;;
Забойся?;Surprise;;;
Повеселись.;Joy;;;
Она не запугивала.;Neutral;;;
Она не пьянела?;Surprise;;;
Она утомлялась!;Sadness;;;
Она восхитилась?;Joy;;;
Она не паниковала!;Neutral;;;
Она не смела?;Surprise;;;
Она свирепела.;Anger;;;
Она взволновалась?;Fear;;;
Она не позлилась?;Surprise;;;
Она не вымотала!;Anger;;;
Злей?;Surprise;;;
Она окрысилась!;Anger;;;
Не печаль!;Joy;;;
Подиви.;Surprise;;;
Она не сторонилась?;Surprise;;;
Она подбодрилась!;Joy;;;
Удручай.;Sadness;;;
Она не взбесилась?;Surprise;;;
Она не преследовала!;Anger;;;
Она порадовалась!;Joy;;;
Она не возмущала!;Neutral;;;
Взбодрись?;Joy;;;
Восхищайся?;Joy;;;
Она утомилась?;Surprise;;;
Она не глушила!;Anger;;;
Утоми!;Sadness;;;
Она насладилась?;Joy;;;
Она не захандрила.;Joy;;;
Цвети.;Joy;;;
Она не кручинилась?;Surprise;;;
Она не сожалела!;Joy;;;
Она не озлоблялась!;Neutral;;;
Взбодрись!;Joy;;;
Не подружись.;Neutral;;;
Она хмурилась.;Sadness;;;
Не обеспокой!;Anger;;;
Она помучилась.;Sadness;;;
Не жалей?;Anger;;;
Она не разревелась?;Surprise;;;
Она не кисла?;Surprise;;;
Мечтай?;Joy;;;
Она страдала.;Sadness;;;
Рассмейся!;Joy;;;
Помрачись?;Sadness;;;
Она не наскучивала.;Joy;;;
Она перепугалась.;Fear;;;
Не майся!;Anger;;;
Сломись.;Anger;;;
Блаженствуй.;Joy;;;
Она выматывала?;Sadness;;;
Не воскресай!;Anger;;;
Поощряй!;Joy;;;
Она не изматывала.;Neutral;;;
Она приободрялась.;Joy;;;
Не развесели!;Sadness;;;
Настрадайся.;Sadness;;;
Она убила?;Fear;;;
Она не измаялась!;Anger;;;
Не смей.;Anger;;;
Она сконфузилась?;Surprise;;;
Развесели?;Joy;;;
Побаивайся.;Fear;;;
Трясись?;Fear;;;
Она не омрачилась.;Joy;;;
Она не пригорюнилась.;Joy;;;
Помрачись.;Sadness;;;
Страдай.;Sadness;;;
Она не затосковала?;Surprise;;;
Не взгрустни?;Joy;;;
Она обмерла?;Fear;;;
Не повреди.;Fear;;;
Осерчай?;Anger;;;
Не волнуйся!;Joy;;;
Она веселилась.;Joy;;;
Не убивай!;Fear;;;
Она разозлила!;Anger;;;
Не тоскуй.;Joy;;;
Она покаялась!;Joy;;;
Не заволнуйся.;Joy;;;
Она обмирала?;Surprise;;;
Она не дрожала!;Joy;;;
Остолбеней.;Anger;;;
Она не омрачилась!;Joy;;;
Встревожь!;Fear;;;
Обрадуйся.;Joy;;;
Она не предвкушала?;Surprise;;;
Она скисла.;Sadness;;;
Дави.;Anger;;;
Не кисни!;Joy;;;
Не стыдись?;Surprise;;;
Понервничай.;Fear;;;
Не заледеней!;Anger;;;
Она не проклинала!;Joy;;;
Она не упилась!;Anger;;;
Надоешь!;Anger;;;
Она запугала!;Fear;;;
Не обозлись!;Anger;;;
Помрачи.;Sadness;;;
Она не леденила.;Неграмматично;;;
Не люби.;Sadness;;;
Терзайся.;Sadness;;;
Терроризируй!;Anger;;;
Она не окрылила?;Surprise;;;
Она не удивила!;Anger;;;
Опечаль.;Sadness;;;
Она восторгала.;Joy;;;
Не порадуй!;Sadness;;;
Она утомляла?;Surprise;;;
Она не удивлялась!;Anger;;;
Не помрачайся?;Surprise;;;
Не измочаливай?;Surprise;;;
Не удивляйся?;Surprise;;;
Не повеселись!;Sadness;;;
Раздосадуйся?;Sadness;;;
Не просияй?;Surprise;;;
Переволнуйся.;Fear;;;
Беспокойся.;Fear;;;
Она не соскучилась?;Surprise;;;
Она не освежала!;Sadness;;;
Не ненавидь!;Fear;;;
Хмурься?;Sadness;;;
Она глушила?;Surprise;;;
Растревоживай!;Fear;;;
Не утомляй.;Anger;;;
Она рассердилась?;Fear;;;
Воскресай!;Joy;;;
Она устрашалась.;Fear;;;
Она не ужасалась?;Surprise;;;
Рассвирепей!;Anger;;;
Она освежалась?;Joy;;;
Она не шантажировала?;Surprise;;;
Она тряслась?;Fear;;;
Она хандрила!;Sadness;;;
Она не рассердила?;Surprise;;;
Она не вознегодовала?;Surprise;;;
Не хмурься.;Joy;;;
Она отпугивала?;Surprise;;;
Не умай?;Surprise;;;
Она беспокоила?;Surprise;;;
Перепугай.;Fear;;;
Она не злела!;Anger;;;
Она не пугала!;Joy;;;
Не сломи.;Joy;;;
Не прискучь?;Surprise;;;
Не огорчай.;Joy;;;
Скорби!;Sadness;;;
Не сникни!;Joy;;;
Не настрадайся.;Joy;;;
Она не обозлила!;Neutral;;;
Она позлорадствовала?;Anger;;;
Она не потрясала?;Surprise;;;
Она выстрадала.;Sadness;;;
Она плавала?;Surprise;;;
Она уважала?;Surprise;;;
Она мечтала?;Surprise;;;
Она не нервировала!;Joy;;;
Она интересовалась.;Joy;;;
Она дрожала.;Fear;;;
Тревожь?;Fear;;;
Она не мечтала.;Sadness;;;
Она стервенела?;Anger;;;
Взбесись.;Anger;;;
Она хлебнула!;Joy;;;
Она вымотала!;Anger;;;
Струхни!;Fear;;;
Не изной!;Anger;;;
Не разревись?;Surprise;;;
Не тревожься?;Surprise;;;
Она оплакивала?;Sadness;;;
Она скучала!;Sadness;;;
Она не никла.;Joy;;;
Не травмируй?;Surprise;;;
Не ошеломи?;Surprise;;;
Не освежайся?;Surprise;;;
Не грусти.;Joy;;;
Натерпись?;Sadness;;;
Удручи.;Sadness;;;
Она не обеспокоила!;Joy;;;
Она насмехалась?;Joy;;;
Она измотала.;Sadness;;;
Она не оплакала!;Sadness;;;
Она угрожала?;Anger;;;
Она не взбеленилась.;Neutral;;;
Не окрысься.;Anger;;;
Надоедай!;Sadness;;;
Не раздразни?;Surprise;;;
Леденей?;Surprise;;;
Она развлеклась!;Joy;;;
Посетуй!;Sadness;;;
Не умаивай!;Anger;;;
Она опечаливала!;Sadness;;;
Не удиви!;Neutral;;;
Она не надоедала?;Surprise;;;
Рассмеши?;Joy;;;
Не опечаливай.;Joy;;;
Трепещи.;Fear;;;
Не торжествуй.;Sadness;;;
Интересуйся!;Joy;;;
Не поразись!;Neutral;;;
Она не злилась.;Joy;;;
Она помучилась!;Sadness;;;
Она не возмущалась!;Joy;;;
Утомись!;Sadness;;;
Не освежай!;Sadness;;;
Она не ярилась?;Surprise;;;
Она окрысилась.;Anger;;;
Не потрясай?;Surprise;;;
Она колола?;Surprise;;;
Не нервничай?;Surprise;;;
Застращай.;Fear;;;
Она не преследовала.;Neutral;;;
Никни.;Sadness;;;
Она не взбодрилась!;Sadness;;;
Она не любила?;Sadness;;;
Не захандри?;Surprise;;;
Она не вытерпела.;Anger;;;
Струси?;Fear;;;
Она негодовала.;Anger;;;
Она светилась!;Joy;;;
Устрашай.;Fear;;;
Расстраивайся?;Sadness;;;
Она испугалась!;Fear;;;
Не светись?;Surprise;;;
Ледени?;Неграмматично;;;
Услаждайся?;Joy;;;
Она не измочалила?;Surprise;;;
Она подосадовала!;Sadness;;;
Она обалдела!;Surprise;;;
Она промаялась!;Sadness;;;
Она расстраивала!;Sadness;;;
Не ошеломи!;Anger;;;
Встревожься!;Fear;;;
Растревоживай?;Fear;;;
Она никла?;Sadness;;;
Она не болела!;Joy;;;
Она не обрадовалась?;Surprise;;;
Она не струсила.;Joy;;;
Не подбодрись?;Sadness;;;
Она восхитила.;Joy;;;
Не осердись!;Fear;;;
Запугай?;Fear;;;
Оживи.;Joy;;;
Не огорчи!;Anger;;;
Она измоталась!;Sadness;;;
Не травмируй.;Neutral;;;
Не расстрой.;Joy;;;
Она потосковала!;Sadness;;;
Озлобь!;Anger;;;
Встряхнись?;Joy;;;
Она не взбесилась.;Neutral;;;
Она достала.;Anger;;;
Не помрачай!;Joy;;;
Не сокруши!;Anger;;;
Забеспокойся!;Fear;;;
Встревожься.;Fear;;;
Она не растревоживала!;Joy;;;
Она не нервничала!;Joy;;;
Не туманься?;Неграмматично;;;
Она не встряхнулась.;Sadness;;;
Она не подавляла?;Surprise;;;
Удручай?;Sadness;;;
Она опечалила.;Sadness;;;
Смей!;Joy;;;
Она забоялась?;Fear;;;
Она не огорчила?;Surprise;;;
Она растревоживала?;Fear;;;
Не переволнуй!;Anger;;;
Не подступай?;Surprise;;;
Нервничай!;Fear;;;
Она не процветала!;Sadness;;;
Она никла.;Sadness;;;
Не торжествуй!;Sadness;;;
Не взбесись!;Anger;;;
Она изнервничалась.;Fear;;;
Она не сокрушила?;Surprise;;;
Она стеснялась.;Fear;;;
Не изумись?;Surprise;;;
Не разочаруй.;Neutral;;;
Она не ошеломила.;Neutral;;;
Кручинься!;Sadness;;;
Она не преследовала?;Surprise;;;
Она не цвела!;Sadness;;;
Не подосадуй?;Surprise;;;
Она не сдрейфила.;Joy;;;
Скисай?;Sadness;;;
Она не утомлялась.;Joy;;;
Пьяней.;Neutral;;;
Не ослепи!;Anger;;;
Она не приободрялась!;Sadness;;;
Она расстраивала.;Sadness;;;
Она не гордилась!;Sadness;;;
Не обидься?;Surprise;;;
Она не взъярилась?;Surprise;;;
Мечтай.;Joy;;;
Она преследовала.;Fear;;;
Проклинай?;Anger;;;
Гневайся!;Anger;;;
Пошути.;Joy;;;
Она кисла.;Sadness;;;
Не поверь?;Surprise;;;
Не умай.;Joy;;;
Не разъярись?;Surprise;;;
Разобидься?;Sadness;;;
Измучься.;Sadness;;;
Она взвыла.;Sadness;;;
Она выстрадала?;Sadness;;;
Она не подивилась.;Neutral;;;
Она не злобилась?;Fear;;;
Она побаивалась!;Fear;;;
Запугивай.;Fear;;;
Злорадствуй!;Anger;;;
Не кручинься!;Joy;;;
Расцвети!;Joy;;;
Измотай?;Sadness;;;
Не побаивайся.;Joy;;;
Она злела!;Anger;;;
Она не радовала!;Sadness;;;
Она не опьянела.;Neutral;;;
Мучь.;Sadness;;;
Она не переживала.;Joy;;;
Она пригорюнилась.;Sadness;;;
Она не страдала!;Joy;;;
Хвати.;Neutral;;;
Она не обалдевала!;Neutral;;;
Она взъярилась.;Anger;;;
Не возмущайся!;Anger;;;
Заинтересуй!;Joy;;;
Раздражай.;Anger;;;
Не подави.;Neutral;;;
Она резвилась?;Joy;;;
Она не вытерпела!;Anger;;;
Она не пригорюнилась!;Joy;;;
Балдей.;Joy;;;
Презирай?;Anger;;;
Она не взволновалась.;Neutral;;;
Она не насмехалась.;Sadness;;;
Не раздражи.;Neutral;;;
Глуши!;Anger;;;
Она омрачила!;Sadness;;;
Она перетерпела?;Sadness;;;
Пугани?;Fear;;;
Она не негодовала!;Joy;;;
Она не огорчалась?;Surprise;;;
Переживай!;Fear;;;
Плавай?;Surprise;;;
Она наслаждалась!;Joy;;;
Она не заинтересовала?;Surprise;;;
Она не пригорюнилась?;Surprise;;;
Она не обрадовалась!;Sadness;;;
Она гнела?;Sadness;;;
Огорчай!;Sadness;;;
Надейся!;Joy;;;
Не ужасайся!;Joy;;;
Угрюмей!;Sadness;;;
Она озлилась?;Anger;;;
Разревись!;Sadness;;;
Она расстроилась.;Sadness;;;
Она не пуганула!;Joy;;;
Не встряхивайся?;Surprise;;;
Не умайся.;Anger;;;
Она не оживила.;Sadness;;;
Она недолюбливала.;Anger;;;
Точи!;Neutral;;;
Не озлобляйся.;Joy;;;
Она не убила!;Joy;;;
Не пугани.;Neutral;;;
Она не встряхивалась?;Surprise;;;
Не раздосадуйся?;Surprise;;;
Она взбодрилась.;Joy;;;
Перетерпи?;Sadness;;;
Она погоревала!;Sadness;;;
Не измотай!;Anger;;;
Она шантажировала?;Surprise;;;
Она не ненавидела?;Surprise;;;
Она не воодушевилась.;Sadness;;;
Она раздражалась?;Anger;;;
Она обрадовала!;Joy;;;
Не мечтай.;Sadness;;;
Дрожи.;Fear;;;
Она не расцветала.;Sadness;;;
Интересуйся?;Joy;;;
Она прискучивала?;Sadness;;;
Не глуши!;Anger;;;
Она не разозлила?;Surprise;;;
Она не раздавила!;Surprise;;;
Она не затравила!;Neutral;;;
Не привязывайся?;Surprise;;;
Пугани!;Fear;;;
Не позлорадствуй!;Anger;;;
Раздосадуй?;Sadness;;;
Не загрусти?;Surprise;;;
Она не развлекла!;Sadness;;;
Она не разгневала?;Surprise;;;
Улыбайся.;Joy;;;
Тревожься!;Fear;;;
Не истоскуйся.;Joy;;;
Не прогневай!;Fear;;;
Кисни.;Sadness;;;
Захандри.;Sadness;;;
Она взволновала?;Fear;;;
Она не раздражалась.;Joy;;;
Она не утомляла?;Surprise;;;
Она не воскресла.;Neutral;;;
Стесняйся?;Fear;;;
Она не раздражалась?;Surprise;;;
Она не ликовала!;Anger;;;
Не понервничай.;Joy;;;
Она освежилась.;Joy;;;
Она не изумлялась!;Sadness;;;
Унывай.;Sadness;;;
Не огорчайся.;Joy;;;
Не озлобься!;Joy;;;
Не изнывай.;Joy;;;
Она не понервничала.;Neutral;;;
Негодуй!;Anger;;;
Пугни.;Fear;;;
Ярись?;Anger;;;
Устрашайся!;Fear;;;
Не изумись.;Sadness;;;
Не повреди!;Anger;;;
Она дивилась?;Surprise;;;
Она поволновалась?;Fear;;;
Захватывай.;Joy;;;
Она не поникла.;Joy;;;
Не растревожь.;Neutral;;;
Она не бесила!;Joy;;;
Скисни.;Sadness;;;
Осерчай!;Anger;;;
Не повеселей.;Sadness;;;
Она разгневалась.;Anger;;;
Она пуганула.;Fear;;;
Скисни?;Sadness;;;
Тяготи?;Sadness;;;
Не намыкайся?;Surprise;;;
Спугивай.;Fear;;;
Она не изнервничалась?;Surprise;;;
Она устрашила.;Fear;;;
Она ненавидела!;Anger;;;
Она не переволновалась!;Joy;;;
Она разгневалась!;Anger;;;
Она развеселила!;Joy;;;
Не ослепи?;Surprise;;;
Она упилась!;Joy;;;
Хихикай?;Joy;;;
Восторгай.;Joy;;;
Не возмутись!;Anger;;;
Она не взвыла?;Surprise;;;
Проклинай!;Anger;;;
Она не поразилась!;Surprise;;;
Не опостылей?;Surprise;;;
Она намучилась!;Sadness;;;
Не пой!;Anger;;;
Не сожалей.;Joy;;;
Она печалила?;Sadness;;;
Дрожи?;Fear;;;
Она не угрюмела!;Joy;;;
Она остолбенела.;Fear;;;
Она не разъярила?;Surprise;;;
Интересуйся.;Joy;;;
Тревожь.;Fear;;;
Она не разобиделась?;Surprise;;;
Она не извелась.;Joy;;;
Насыщайся!;Joy;;;
Не измотайся?;Surprise;;;
Она хихикала?;Joy;;;
Привязывайся.;Neutral;;;
Она не взорвала!;Neutral;;;
Она не мучилась.;Joy;;;
Она умаялась!;Sadness;;;
Просияй?;Joy;;;
Она колола.;Neutral;;;
Разнервничайся?;Fear;;;
Прогневай.;Anger;;;
Она напугала.;Fear;;;
Она не удивлялась.;Neutral;;;
Она посмеялась?;Joy;;;
Она взволновалась.;Fear;;;
Она прогневала!;Anger;;;
Надивись!;Surprise;;;
Исстрадайся.;Sadness;;;
Она не расстроила.;Joy;;;
Она поражала.;Surprise;;;
Она не загоревала.;Joy;;;
Утомись.;Sadness;;;
Она не достала!;Joy;;;
Она взбесила.;Anger;;;
Не возликуй.;Sadness;;;
Она смущалась?;Fear;;;
Не загорюй.;Joy;;;
Она плакала!;Sadness;;;
Восхити.;Joy;;;
Она не рассердилась?;Fear;;;
Не помрачай.;Joy;;;
Возненавидь!;Anger;;;
Она возрыдала?;Sadness;;;
Не восторгай!;Sadness;;;
Развлекись?;Joy;;;
Она не хлебнула?;Surprise;;;
Она извелась!;Sadness;;;
Убойся!;Fear;;;
Она не обрадовала!;Sadness;;;
Не переволнуй?;Surprise;;;
Не изводись!;Joy;;;
Не смущай?;Surprise;;;
Она не скорбела!;Joy;;;
Она не разгневала.;Joy;;;
Она опечалила?;Sadness;;;
Не пой.;Neutral;;;
Она не восхитилась?;Surprise;;;
Возвеселись!;Joy;;;
Не преследуй?;Surprise;;;
Не поднимай!;Anger;;;
Она восхитилась.;Joy;;;
Она разобиделась!;Sadness;;;
Она подивилась.;Surprise;;;
Не посетуй.;Joy;;;
Она взгрустнула.;Sadness;;;
Она огорчила?;Sadness;;;
Она не тушевалась?;Surprise;;;
Не огорчи.;Joy;;;
Она не вспылила.;Joy;;;
Она не потрясала!;Sadness;;;
Она не огорчилась!;Joy;;;
Она опьянела?;Surprise;;;
Побойся!;Fear;;;
Не ярись.;Fear;;;
Она не освежала?;Surprise;;;
Рассвирепей.;Anger;;;
Она страшила!;Fear;;;
Не омрачай?;Surprise;;;
Она осердилась?;Anger;;;
Она не негодовала?;Fear;;;
Она балдела.;Joy;;;
Она травмировала?;Anger;;;
Она заледенела!;Surprise;;;
Соси.;Anger;;;
Не озлобь!;Fear;;;
Страшись?;Fear;;;
Она не окрылила!;Sadness;;;
Она доставала?;Surprise;;;
Она не возрадовалась!;Surprise;;;
Она ослепила?;Joy;;;
Она не закручинилась?;Surprise;;;
Она не устыдилась.;Joy;;;
Разгневай.;Anger;;;
Она вытерпела.;Sadness;;;
Она не содрогалась!;Joy;;;
Она плавала!;Neutral;;;
Ледени!;Anger;;;
Она удивилась!;Surprise;;;
Она натерпелась.;Sadness;;;
Не встряхнись.;Sadness;;;
Расцвети?;Joy;;;
Она пугнула.;Fear;;;
Не волнуй.;Anger;;;
Прогневайся?;Anger;;;
Она не свирепела?;Surprise;;;
Она не скисала?;Surprise;;;
Она не дрожала.;Neutral;;;
Опечаль?;Sadness;;;
Она обалдевала?;Surprise;;;
Она не соскучилась!;Sadness;;;
Она сожалела?;Sadness;;;
Она леденела.;Neutral;;;
Тушуйся?;Fear;;;
Не изведись.;Joy;;;
Она не намучилась?;Surprise;;;
Она заволновалась.;Fear;;;
Она блаженствовала!;Joy;;;
Труси?;Fear;;;
Не злись!;Fear;;;
Она не сникала?;Surprise;;;
Не беспокойся?;Surprise;;;
Не покайся.;Joy;;;
Спугивай!;Fear;;;
Исстрадайся?;Sadness;;;
Она не забеспокоилась?;Surprise;;;
Она замучивалась?;Sadness;;;
Она не прискучила!;Joy;;;
Она не рассерчала.;Joy;;;
Томись?;Sadness;;;
Она пугалась.;Fear;;;
Она сломилась!;Joy;;;
Она взгрустнула!;Sadness;;;
Не кручинься.;Joy;;;
Подступай!;Neutral;;;
Она не захватывала!;Sadness;;;
Она удручила.;Sadness;;;
Не приободряйся.;Sadness;;;
Она не жалела.;Joy;;;
Она поплакала.;Sadness;;;
Она улыбнулась.;Joy;;;
Не резвись.;Sadness;;;
Раздосадуй!;Sadness;;;
Озлобь.;Anger;;;
Она не обмирала?;Surprise;;;
Вымотай!;Sadness;;;
Она не осточертела?;Anger;;;
Помрачи?;Sadness;;;
Торжествуй!;Joy;;;
Не озлобься?;Surprise;;;
Она не гневила?;Surprise;;;
Она повеселилась?;Joy;;;
Не упейся!;Anger;;;
Перепугайся?;Fear;;;
Утомляйся?;Sadness;;;
Изнемогай?;Sadness;;;
Она не сникла?;Surprise;;;
Она не окрылилась.;Neutral;;;
Она не печалила!;Joy;;;
Она не окрысилась?;Surprise;;;
Возмутись.;Anger;;;
Восхитись.;Joy;;;
Она восторгалась?;Joy;;;
Озлобься!;Anger;;;
Изуми.;Surprise;;;
Не порадуйся.;Sadness;;;
Не раздразнивай?;Surprise;;;
Она сохла.;Sadness;;;
Потоскуй.;Sadness;;;
Не угнетай.;Fear;;;
Она не растревоживала?;Surprise;;;
Она обмерла!;Fear;;;
Радуй.;Joy;;;
Она не приуныла?;Surprise;;;
Повеселей!;Joy;;;
Не сникай?;Surprise;;;
Блаженствуй!;Joy;;;
Она не тужила!;Joy;;;
Не прослезись.;Joy;;;
Не гневайся?;Surprise;;;
Она удивлялась.;Surprise;;;
Умаивай?;Sadness;;;
Она не угрожала?;Surprise;;;
Она не помрачила?;Surprise;;;
Загрусти?;Sadness;;;
Взволнуйся?;Fear;;;
Не насмехайся?;Surprise;;;
Посмеивайся!;Joy;;;
Она рассмешила!;Joy;;;
Утомляй?;Sadness;;;
Она стеснялась!;Fear;;;
Кисни?;Sadness;;;
Не сломись!;Joy;;;
Негодуй?;Anger;;;
Струхни?;Fear;;;
Она удивляла?;Surprise;;;
Она не обмерла?;Surprise;;;
Не закручинься?;Surprise;;;
Она не ошеломила?;Surprise;;;
Она позлорадствовала.;Anger;;;
Она не извелась?;Surprise;;;
Не веселись.;Sadness;;;
Она изнурила!;Anger;;;
Кручинься.;Sadness;;;
Она не смущалась?;Surprise;;;
Не измотай.;Neutral;;;
Она не леденела?;Surprise;;;
Она не смела!;Anger;;;
Она сникала?;Sadness;;;
Вымотай.;Sadness;;;
Она не цвела?;Surprise;;;
Она заледенела.;Neutral;;;
Она не упивалась!;Joy;;;
Не разобидься!;Anger;;;
Она не повредила!;Joy;;;
Она не осердилась!;Joy;;;
Она не стращала!;Joy;;;
Не оплачь?;Surprise;;;
Напугайся!;Fear;;;
Воскресай.;Neutral;;;
Она не восхитила?;Surprise;;;
Она не посетовала?;Surprise;;;
Она стращала?;Fear;;;
Она опостылела?;Sadness;;;
Она не расстроила?;Surprise;;;
Она не серчала.;Joy;;;
Она поражалась!;Surprise;;;
Печалься!;Sadness;;;
Не помрачайся!;Joy;;;
Она сосала.;Neutral;;;
Она упивалась!;Joy;;;
Фыркай!;Anger;;;
Она раздразнивала.;Joy;;;
Она не жгла.;Sadness;;;
Развлекай.;Joy;;;
Она не взбесила!;Joy;;;
Она стыдилась?;Fear;;;
Не резвись?;Sadness;;;
Она забоялась!;Fear;;;
Разозлись?;Anger;;;
Не сердись!;Fear;;;
Не горюй!;Joy;;;
Она не удовлетворялась?;Sadness;;;
Она заскучала?;Sadness;;;
Не помучься.;Neutral;;;
Она разревелась!;Sadness;;;
Обрадуй.;Joy;;;
Она не осердилась.;Joy;;;
Она отчаялась.;Sadness;;;
Не восхити.;Sadness;;;
Она рассмешила?;Joy;;;
Она позабавилась.;Joy;;;
Отпугивай!;Fear;;;
Она загоревала?;Sadness;;;
Она помрачилась?;Sadness;;;
Не освежайся!;Sadness;;;
Она не сокрушалась.;Joy;;;
Не пугайся!;Joy;;;
Не туманься!;Неграмматично;;;
Не недоумевай!;Anger;;;
Не огорчай?;Surprise;;;
Не доставай?;Surprise;;;
Болей!;Anger;;;
Она перетревожила.;Fear;;;
Не подиви?;Surprise;;;
Не опасайся!;Joy;;;
Осознавай.;Neutral;;;
Не вспыли!;Anger;;;
Она не хандрила!;Joy;;;
Она перетревожила?;Fear;;;
Она покаялась.;Sadness;;;
Она истерзалась?;Sadness;;;
Бойся?;Fear;;;
Она раздосадовала!;Sadness;;;
Она не изумилась!;Surprise;;;
Не перепугайся.;Neutral;;;
Она радовалась!;Joy;;;
Она струхнула.;Fear;;;
Порадуй?;Joy;;;
Взбеси!;Anger;;;
Не скорби?;Surprise;;;
Она не скисала!;Joy;;;
Дуйся.;Sadness;;;
Она наскучивала?;Surprise;;;
Не возмути!;Anger;;;
Не порази!;Neutral;;;
Она радовалась.;Joy;;;
Пугни?;Fear;;;
Она не омрачалась.;Joy;;;
Она ободрялась!;Joy;;;
Паникуй.;Fear;;;
Не недолюбливай.;Joy;;;
Она не дулась?;Surprise;;;
Повреди.;Anger;;;
Она возвеселилась?;Joy;;;
Она не встряхнулась!;Sadness;;;
Не уважай.;Anger;;;
Она воскресла.;Neutral;;;
Не блаженствуй?;Sadness;;;
Не закручинься!;Joy;;;
Разгневайся!;Anger;;;
Переверни?;Surprise;;;
Она не отчаялась!;Joy;;;
Она не поразила.;Neutral;;;
Она восторгала?;Joy;;;
Беспокой!;Fear;;;
Обмирай.;Fear;;;
Не испугайся?;Surprise;;;
Не стесняйся!;Joy;;;
Она развеселилась?;Joy;;;
Не развлекай.;Sadness;;;
Она хватила.;Neutral;;;
Не посмейся.;Sadness;;;
Она обозлилась?;Anger;;;
Она не насмехалась!;Sadness;;;
Она позабавилась!;Joy;;;
Она не развлеклась.;Sadness;;;
Она не дрожала?;Surprise;;;
Она не ярилась.;Neutral;;;
Она сникала!;Sadness;;;
Не изнури?;Surprise;;;
Досадуй?;Sadness;;;
Не измайся?;Surprise;;;
Изводись!;Sadness;;;
Она презирала.;Anger;;;
Встряхивайся?;Joy;;;
Гневи?;Anger;;;
Не развесели?;Sadness;;;
Скучай?;Sadness;;;
Не опечаливай!;Joy;;;
Удручи!;Sadness;;;
Она расцветала!;Joy;;;
Она переутомила.;Sadness;;;
Не угрожай!;Anger;;;
Она не туманилась.;Неграмматично;;;
Ужасай.;Fear;;;
Не освежись.;Sadness;;;
Она не надоела!;Joy;;;
Не возмущай!;Anger;;;
Она подавляла?;Anger;;;
Не устыдись?;Surprise;;;
Она не осерчала.;Neutral;;;
Она не заволновалась.;Neutral;;;
Не расстройся.;Joy;;;
Не досадуй.;Joy;;;
Она не надоедала!;Joy;;;
Она не подосадовала.;Joy;;;
Она не растревоживала.;Joy;;;
Замучься!;Sadness;;;
Она сторонилась?;Surprise;;;
Она ошеломила.;Surprise;;;
Туманься.;Неграмматично;;;
Не перенервничай.;Neutral;;;
Она не умаялась.;Joy;;;
Она не взволновала?;Surprise;;;
Она не омрачалась?;Surprise;;;
Не выстрадай!;Joy;;;
Не смущай!;Anger;;;
Озлобь?;Anger;;;
Она не напугалась!;Sadness;;;
Она не перетерпела!;Anger;;;
Не позлись.;Neutral;;;
Не вымотай!;Anger;;;
Взбадривайся!;Joy;;;
Ненавидь.;Anger;;;
Не скорби!;Joy;;;
Она истерзалась!;Sadness;;;
Не струхни!;Joy;;;
Удивляйся.;Surprise;;;
Не обрадуйся!;Sadness;;;
Проплачь.;Sadness;;;
Она развеселила?;Joy;;;
Не обмирай!;Anger;;;
Она не тревожила!;Joy;;;
Ликуй?;Joy;;;
Не измочаль?;Surprise;;;
Перепугай!;Fear;;;
Угнетай!;Sadness;;;
Приунывай.;Sadness;;;
Воодушевись?;Joy;;;
Не удовлетворяйся?;Sadness;;;
Она не посмеялась?;Surprise;;;
Разъярись.;Anger;;;
Не понервничай?;Surprise;;;
Она не тревожилась!;Joy;;;
Она смеялась?;Joy;;;
Она не расцвела?;Surprise;;;
Она не пугнула.;Neutral;;;
Не окрыли?;Sadness;;;
Взбодрись.;Joy;;;
Она не раздражила?;Surprise;;;
Она взвыла!;Sadness;;;
Она возрыдала!;Sadness;;;
Осердись!;Anger;;;
Не тужи!;Joy;;;
Она давила?;Anger;;;
Она удивилась.;Surprise;;;
Она не повеселилась?;Surprise;;;
Презирай.;Anger;;;
Она ужаснула!;Fear;;;
Страшись.;Fear;;;
Не застращай!;Anger;;;
Не тревожь!;Anger;;;
Она стыдилась!;Fear;;;
Она не скорбела?;Surprise;;;
Омрачай!;Sadness;;;
Она не горевала?;Surprise;;;
Не расцветай.;Sadness;;;
Она волновала.;Fear;;;
Не резвись!;Anger;;;
Ярись!;Anger;;;
Печаль!;Sadness;;;
Не разозли?;Surprise;;;
Не злобствуй.;Anger;;;
Она не встряхивалась.;Sadness;;;
Она плакала.;Sadness;;;
Не взбеси?;Surprise;;;
Не обеспокойся?;Surprise;;;
Она не забеспокоилась.;Neutral;;;
Она огорчилась!;Sadness;;;
Заинтересуй?;Joy;;;
Не осточертей?;Surprise;;;
Не освежайся.;Sadness;;;
Стращай!;Fear;;;
Обалдевай?;Surprise;;;
Забойся.;Fear;;;
Не серчай?;Surprise;;;
Она не раздразнила!;Joy;;;
Не подступай.;Anger;;;
Она возненавидела.;Anger;;;
Улыбнись?;Joy;;;
Она не рассердила!;Joy;;;
Не разозлись?;Surprise;;;
Она не заволновалась!;Joy;;;
Напугай.;Fear;;;
Переутомляй?;Sadness;;;
Не волнуй?;Surprise;;;
Вспыли.;Anger;;;
Не смей?;Surprise;;;
Не понервничай!;Joy;;;
Не конфузься!;Joy;;;
Она не травмировала.;Neutral;;;
Намыкайся!;Anger;;;
Она умаивала?;Sadness;;;
Не взбеленись?;Surprise;;;
Она не истосковалась.;Joy;;;
Она не смеялась.;Sadness;;;
Не обеспокой.;Neutral;;;
Она ободрилась?;Joy;;;
Не наскучивай?;Surprise;;;
Она изумилась.;Surprise;;;
Не проклинай!;Fear;;;
Она возмутила.;Anger;;;
Развлекай?;Joy;;;
Пугни!;Anger;;;
Она не обалдела?;Anger;;;
Не злись.;Fear;;;
Не восхитись!;Sadness;;;
Она изматывалась!;Sadness;;;
Помрачись!;Sadness;;;
Она не взгрустнула?;Surprise;;;
Не воскрешай.;Neutral;;;
Повреди?;Anger;;;
Она не тяготила.;Joy;;;
Она не поволновалась?;Surprise;;;
Не развлекай?;Sadness;;;
Она не дрейфила?;Surprise;;;
Тужи.;Sadness;;;
Насладись!;Joy;;;
Она не умаивала?;Surprise;;;
Омрачайся.;Sadness;;;
Она не сломила.;Joy;;;
Она не блаженствовала!;Sadness;;;
Она посмеялась!;Joy;;;
Осточертей?;Sadness;;;
Не наслаждайся!;Sadness;;;
Не удивляй!;Joy;;;
Она льстила?;Joy;;;
Омрачи.;Sadness;;;
Она не нервировала?;Surprise;;;
Не поверь.;Neutral;;;
Развлеки.;Joy;;;
Не изнуряй!;Anger;;;
Не подосадуй.;Joy;;;
Не пугни?;Surprise;;;
Измайся?;Sadness;;;
Она угнетала?;Sadness;;;
Она туманилась.;Неграмматично;;;
Не утомись!;Joy;;;
Устрашай!;Fear;;;
Не дави?;Surprise;;;
Она застращала.;Fear;;;
Она давила.;Anger;;;
Убей.;Anger;;;
Она не поволновалась.;Neutral;;;
Не взорвись?;Surprise;;;
Она не затосковала.;Joy;;;
Не убойся!;Joy;;;
Не мучься!;Joy;;;
Натерпись!;Sadness;;;
Она перепугалась!;Fear;;;
Она не огорчилась?;Surprise;;;
Не раздави!;Anger;;;
Расстраивай!;Sadness;;;
Не умайся!;Anger;;;
Она веселила!;Joy;;;
Рань?;Sadness;;;
Она не утомляла!;Joy;;;
Не рань.;Sadness;;;
Удовлетворись.;Joy;;;
Она не упивалась.;Sadness;;;
Она намучилась?;Sadness;;;
Не измочаль!;Anger;;;
Она насладилась!;Joy;;;
Она встревожила!;Fear;;;
Не страдай.;Joy;;;
Не сконфузься!;Anger;;;
Не остолбеней!;Anger;;;
Не намыкайся!;Anger;;;
Она не грустила.;Joy;;;
Она не встревожилась.;Joy;;;
Она оплакивала!;Sadness;;;
Не пьяней.;Neutral;;;
Угрожай!;Anger;;;
Она кисла?;Anger;;;
Она струсила!;Fear;;;
Она не разочаровалась!;Joy;;;
Она не возмущала.;Joy;;;
Она не оплакала?;Surprise;;;
Она не светилась?;Surprise;;;
Она опечалилась.;Sadness;;;
Она рассердила.;Anger;;;
Она встряхивалась.;Joy;;;
Она не истомилась.;Joy;;;
Ледени.;Неграмматично;;;
Не запугивай?;Surprise;;;
Она не изнурила.;Joy;;;
Она раздразнила!;Anger;;;
Она погрустнела!;Sadness;;;
Остолбеней?;Fear;;;
Она перепугалась?;Fear;;;
Она подосадовала.;Sadness;;;
Не сломись?;Surprise;;;
Она не хватила.;Sadness;;;
Она не тяготила!;Joy;;;
Коли.;Neutral;;;
Огорчи!;Sadness;;;
Она леденила!;Anger;;;
Не оплачь!;Joy;;;
Она не стращала?;Surprise;;;
Угрожай.;Anger;;;
Не скучай.;Joy;;;
Она не леденела!;Neutral;;;
Тужи?;Sadness;;;
Рассмеши!;Joy;;;
Цвети!;Joy;;;
Не изнывай?;Surprise;;;
Она не сожалела?;Surprise;;;
Она взволновалась!;Fear;;;
Она не убоялась!;Joy;;;
Она не утомила.;Joy;;;
Она наскучила.;Sadness;;;
Опечаливай!;Sadness;;;
Она окрылилась.;Joy;;;
Не прогневайся.;Fear;;;
Она не изводилась?;Surprise;;;
Она не умаялась!;Joy;;;
Удручи?;Sadness;;;
Она надоела.;Anger;;;
Она серчала?;Anger;;;
Она не бесила.;Joy;;;
Она не взволновалась?;Surprise;;;
Не спугивай?;Surprise;;;
Она помрачилась!;Sadness;;;
Не затрави?;Surprise;;;
Она не рыдала?;Surprise;;;
Плавай!;Neutral;;;
Не любуйся!;Anger;;;
Недолюбливай.;Sadness;;;
Она раздражала!;Anger;;;
Она опечалилась!;Sadness;;;
Она не сокрушалась?;Surprise;;;
Она не трусила!;Joy;;;
Не изматывайся?;Surprise;;;
Она нервничала.;Fear;;;
Она не погрустила.;Joy;;;
Не плавай.;Neutral;;;
Она не тужила.;Joy;;;
Она истосковалась.;Sadness;;;
Она не жалела?;Surprise;;;
Она не уважала.;Anger;;;
Она насыщалась?;Joy;;;
Не ужасайся.;Neutral;;;
Она не подступала!;Anger;;;
Она скорбела?;Sadness;;;
Загрусти.;Sadness;;;
Она забеспокоилась.;Fear;;;
Не подбодрись.;Sadness;;;
Раздражайся?;Anger;;;
Не подивись.;Neutral;;;
Она плакала?;Sadness;;;
Она беспокоила!;Fear;;;
Она исстрадалась.;Sadness;;;
Не напугай?;Surprise;;;
Не поразись?;Surprise;;;
Она огорчилась?;Sadness;;;
Не взорви!;Anger;;;
Она не воскрешала?;Surprise;;;
Она поощряла.;Joy;;;
Прогневайся!;Anger;;;
Намучься!;Sadness;;;
Она печалилась!;Sadness;;;
Она повредила!;Anger;;;
Не удовлетворись!;Sadness;;;
Не раздражись?;Surprise;;;
Леденей.;Fear;;;
Не опечалься.;Joy;;;
Не истоскуйся?;Surprise;;;
Помучься.;Sadness;;;
Она обеспокоилась?;Fear;;;
Она побоялась?;Fear;;;
Не выматывай!;Anger;;;
Изумляйся!;Surprise;;;
Она не измочаливала?;Surprise;;;
Стращай.;Fear;;;
Она рассерчала!;Anger;;;
Опечалься.;Sadness;;;
Ободряйся?;Joy;;;
Взволнуйся!;Fear;;;
Устрашись?;Fear;;;
Она ранила!;Anger;;;
Не ликуй?;Surprise;;;
Она не сердила!;Joy;;;
Она не взбадривалась.;Sadness;;;
Упейся.;Anger;;;
Она любовалась!;Joy;;;
Она удручала!;Sadness;;;
Не подивись?;Neutral;;;
Она не воскрешала!;Sadness;;;
Не затоскуй.;Joy;;;
Она обеспокоила?;Fear;;;
Хандри.;Sadness;;;
Не взволнуй.;Neutral;;;
Смейся!;Joy;;;
Она не сердилась!;Joy;;;
Не изматывай!;Anger;;;
Она не рассмеялась?;Surprise;;;
Она раздразнила.;Joy;;;
Поднимай?;Surprise;;;
Она не опечаливала?;Surprise;;;
Она любила!;Joy;;;
Она изумлялась?;Surprise;;;
Вдохновляйся?;Joy;;;
Она выстрадала!;Sadness;;;
Обожай!;Joy;;;
Она не заинтересовала.;Sadness;;;
Она не болела.;Joy;;;
Подружись.;Joy;;;
Не тужи?;Surprise;;;
Закручинься.;Sadness;;;
Она не давила!;Joy;;;
Не подивись!;Anger;;;
Насыщайся?;Joy;;;
Не приуной.;Joy;;;
Она измочаливала.;Sadness;;;
Вспыли?;Anger;;;
Она глушила.;Neutral;;;
Она не намучилась.;Joy;;;
Не огорчайся!;Joy;;;
Не сокруши.;Neutral;;;
Не возвеселись!;Sadness;;;
Не окрылись?;Surprise;;;
Она не недоумевала.;Joy;;;
Она осерчала.;Anger;;;
Не посетуй!;Anger;;;
Не пугайся?;Surprise;;;
Она воскресала.;Neutral;;;
Понервничай!;Fear;;;
Посетуй?;Sadness;;;
Содрогайся?;Fear;;;
Она не наскучила?;Surprise;;;
Не развлекайся.;Sadness;;;
Не отчаивайся?;Surprise;;;
Резвись.;Joy;;;
Люби!;Joy;;;
Взбадривайся?;Joy;;;
Изнывай?;Sadness;;;
Упивайся!;Anger;;;
Она не гневалась.;Joy;;;
Расстрой!;Sadness;;;
Она взбодрилась?;Joy;;;
Она не презирала?;Surprise;;;
Она озлила.;Anger;;;
Она убивала!;Anger;;;
Не преследуй.;Anger;;;
Захандри!;Sadness;;;
Она радовала.;Joy;;;
Она не надулась.;Joy;;;
Устрашись.;Fear;;;
Она смутилась!;Fear;;;
Она не разозлила.;Joy;;;
Взволнуйся.;Fear;;;
Сникай!;Sadness;;;
Она загоревала!;Sadness;;;
Не гордись.;Sadness;;;
Она не освежилась!;Sadness;;;
Она не терпела.;Neutral;;;
Развлекай!;Joy;;;
Она не обиделась.;Joy;;;
Она паниковала.;Fear;;;
Дрейфи!;Fear;;;
Она не хлебнула.;Neutral;;;
Не устрашай?;Surprise;;;
Дуйся!;Sadness;;;
Не утомись?;Surprise;;;
Она трусила?;Fear;;;
Она раздражилась.;Anger;;;
Озли!;Anger;;;
Не никни?;Surprise;;;
Не изматывай.;Joy;;;
Не окрылись.;Sadness;;;
Не наслаждайся.;Sadness;;;
Не устраши.;Joy;;;
Она перепугала.;Fear;;;
Потрясай.;Surprise;;;
Не тревожь.;Neutral;;;
Не вознегодуй.;Fear;;;
Она не тряслась?;Surprise;;;
Она упилась?;Surprise;;;
Приуной.;Sadness;;;
Она маялась?;Sadness;;;
Погневайся!;Anger;;;
Она не услаждалась!;Sadness;;;
Не взволнуйся!;Joy;;;
Не рассмеши!;Sadness;;;
Восхити?;Joy;;;
Она понервничала!;Fear;;;
Весели.;Joy;;;
Она не осердилась?;Surprise;;;
Вытерпи.;Sadness;;;
Она не погрустнела?;Surprise;;;
Не мучься.;Joy;;;
Она расцвела!;Joy;;;
Она досадовала?;Sadness;;;
Взгрустни!;Sadness;;;
Возликуй.;Joy;;;
Не пугайся.;Joy;;;
Раздражайся!;Anger;;;
Она не разволновала.;Neutral;;;
Заскучай.;Sadness;;;
Не гордись!;Anger;;;
Она не наслаждалась?;Surprise;;;
Она не возликовала!;Sadness;;;
Зли!;Anger;;;
Она не нервировала.;Joy;;;
Не осознавай!;Anger;;;
Не раздразнивай.;Anger;;;
Она не изводилась!;Joy;;;
Нервируй.;Fear;;;
Она не умаялась?;Surprise;;;
Она не погрустнела.;Joy;;;
Перетерпи.;Joy;;;
Она не досадовала!;Joy;;;
Она не наслаждалась.;Sadness;;;
Не надивись?;Surprise;;;
Она предвкушала!;Joy;;;
Она не потрясла?;Surprise;;;
Не ободряйся.;Sadness;;;
Она не разозлилась!;Joy;;;
Не весели!;Sadness;;;
Горюй!;Sadness;;;
Не истерзайся.;Neutral;;;
Не устраши!;Anger;;;
Не опупей!;Anger;;;
Она убивалась?;Surprise;;;
Не плавай?;Surprise;;;
Не терзайся?;Surprise;;;
Она восхищала.;Joy;;;
Омрачись!;Sadness;;;
Не терпи!;Joy;;;
Предвкушай!;Joy;;;
Она не радовалась!;Sadness;;;
Она не смутилась!;Joy;;;
Она возрыдала.;Sadness;;;
Она измоталась?;Surprise;;;
Подивись.;Surprise;;;
Обеспокой.;Fear;;;
Не сокрушайся?;Surprise;;;
Она не измаялась.;Joy;;;
Она подивила!;Surprise;;;
Она не помрачалась!;Joy;;;
Не дави!;Anger;;;
Не удовольствуйся!;Sadness;;;
Не обозли?;Surprise;;;
Она развлекала!;Joy;;;
Не доставай.;Anger;;;
Она не развлекала!;Sadness;;;
Не доставай!;Anger;;;
Она не обижалась?;Surprise;;;
Она опостылела!;Sadness;;;
Она не приуныла.;Joy;;;
Не порази.;Neutral;;;
Она обалдевала!;Surprise;;;
Обеспокой!;Fear;;;
Недоумевай?;Surprise;;;
Не сожалей?;Surprise;;;
Она не перетерпела.;Anger;;;
Она домучилась.;Sadness;;;
Не изнури.;Neutral;;;
Она не перетрусила?;Surprise;;;
Взбелени!;Anger;;;
Она нарадовалась!;Joy;;;
Оплачь!;Sadness;;;
Не изнервничайся!;Anger;;;
Она не опечалила!;Joy;;;
Разволнуй!;Fear;;;
Не люби!;Sadness;;;
Не стервеней.;Neutral;;;
Она не перепугалась?;Surprise;;;
Не потряси.;Neutral;;;
Не расстраивай!;Anger;;;
Она застращала?;Fear;;;
Она не мечтала!;Sadness;;;
Истомись.;Sadness;;;
Она не убивала?;Surprise;;;
Не раздражи!;Anger;;;
Она кручинилась?;Sadness;;;
Она не развлекалась.;Sadness;;;
Не забеспокойся.;Neutral;;;
Она не обеспокоилась.;Neutral;;;
Загрусти!;Sadness;;;
Взгрустни?;Sadness;;;
Свирепей.;Anger;;;
Удовольствуйся!;Joy;;;
Не обозли.;Fear;;;
Она не понервничала!;Joy;;;
Она перенервничала!;Fear;;;
Она восхитила!;Joy;;;
Она ободрялась?;Joy;;;
Не страши?;Surprise;;;
Она воскрешала.;Neutral;;;
Потряси?;Surprise;;;
Она угрюмела!;Sadness;;;
Она не осознавала.;Neutral;;;
Не озлобляйся!;Anger;;;
Не опупей?;Surprise;;;
Не надейся!;Anger;;;
Хлебни.;Neutral;;;
Оплачь.;Sadness;;;
Она не взорвала?;Surprise;;;
Она не угрожала.;Neutral;;;
Она посетовала.;Sadness;;;
Она не воспрянула!;Sadness;;;
Не поволнуйся!;Joy;;;
Удовлетворись?;Joy;;;
Она не воскресла?;Surprise;;;
Не осознавай?;Surprise;;;
Ярись.;Anger;;;
Она заскучала.;Sadness;;;
Не сдрейфи.;Joy;;;
Она не презирала.;Joy;;;
Она не мучила.;Joy;;;
Приуной?;Sadness;;;
Она надоедала.;Sadness;;;
Рассерчай?;Anger;;;
Она утомила.;Sadness;;;
Она смутилась?;Fear;;;
Она не достала?;Surprise;;;
Она не злилась!;Joy;;;
Она не изнуряла!;Joy;;;
Дивись.;Surprise;;;
Она не стеснялась!;Joy;;;
Она не озлилась!;Joy;;;
Свирепей?;Anger;;;
Не спугивай!;Anger;;;
Диви.;Surprise;;;
Не изумляй?;Surprise;;;
Она убила!;Anger;;;
Она не развлеклась!;Sadness;;;
Пугайся!;Fear;;;
Она угрожала!;Fear;;;
Не поразись.;Neutral;;;
Она не ужасала.;Joy;;;
Она не обозлила?;Surprise;;;
Раздразнивай!;Joy;;;
Порази.;Surprise;;;
Не леденей!;Anger;;;
Она не пугалась!;Joy;;;
Запугай.;Fear;;;
Не воскресай?;Surprise;;;
Не обидься!;Anger;;;
Она пугала?;Fear;;;
Она рассмеялась.;Joy;;;
Она не отпугивала!;Joy;;;
Она расстроилась?;Sadness;;;
Она бесилась.;Anger;;;
Смутись?;Surprise;;;
Она не страшила.;Joy;;;
Взволнуй?;Fear;;;
Она не взволновалась!;Joy;;;
Она ужасала!;Fear;;;
Не перетерпи?;Surprise;;;
Она не проплакала?;Surprise;;;
Не сникни?;Surprise;;;
Не содрогайся?;Surprise;;;
Не просияй.;Sadness;;;
Удовольствуйся.;Joy;;;
Она ободрилась.;Joy;;;
Она не страшилась!;Joy;;;
Она измочалила?;Surprise;;;
Пугайся.;Fear;;;
Обидься.;Sadness;;;
Она переутомила?;Surprise;;;
Она беспокоилась?;Fear;;;
Не беспокой!;Anger;;;
Она не волновалась?;Surprise;;;
Майся!;Sadness;;;
Она злилась!;Anger;;;
Она томилась?;Sadness;;;
Она не поражала!;Anger;;;
Не отпугивай?;Surprise;;;
Она скисала!;Sadness;;;
Не упейся.;Anger;;;
Она не перепугала?;Surprise;;;
Не взъярись?;Surprise;;;
Она не расстраивала!;Joy;;;
Не заволнуйся!;Joy;;;
Она оживила.;Joy;;;
Она не устрашалась?;Joy;;;
Не заволнуйся?;Surprise;;;
Она хмурилась?;Sadness;;;
Прискучь.;Sadness;;;
Не поражай.;Neutral;;;
Не беспокойся.;Joy;;;
Она не восхитила!;Sadness;;;
Гордись!;Joy;;;
Не расцветай!;Sadness;;;
Печалься?;Sadness;;;
Затрави!;Anger;;;
Она волновала!;Fear;;;
Она жалела?;Sadness;;;
Она не восторгалась.;Sadness;;;
Она не волновала.;Sadness;;;
Она опупела!;Surprise;;;
Она не взъярилась.;Neutral;;;
Она обрадовалась?;Joy;;;
Она не ужасала?;Surprise;;;
Не сохни?;Surprise;;;
Она поднимала!;Neutral;;;
Она освежала?;Joy;;;
Она не оживила!;Neutral;;;
Она не подивила?;Surprise;;;
Она рассмешила.;Joy;;;
Не зли.;Anger;;;
Она не страшила!;Joy;;;
Не сокрушайся!;Joy;;;
Растревожь.;Fear;;;
Освежайся?;Joy;;;
Она замучилась!;Sadness;;;
Она не отчаялась?;Joy;;;
Не истомись?;Surprise;;;
Перепугайся.;Fear;;;
Устраши?;Fear;;;
Она не изумляла?;Surprise;;;
Она не тревожила.;Neutral;;;
Сторонись!;Anger;;;
Не омрачись.;Joy;;;
Она не смущала.;Neutral;;;
Она не вдохновлялась!;Sadness;;;
Она потрясала!;Surprise;;;
Она не смущала!;Joy;;;
Не хвати?;Surprise;;;
Не нервируй?;Neutral;;;
Потрясай?;Surprise;;;
Она не злела.;Joy;;;
Не домучься?;Surprise;;;
Она не поразилась.;Sadness;;;
Не дрейфи!;Joy;;;
Взбеси?;Anger;;;
Томись!;Sadness;;;
Не блаженствуй!;Sadness;;;
Она улыбалась?;Joy;;;
Она не раздражала?;Surprise;;;
Она помрачила!;Sadness;;;
Она не раздавила.;Neutral;;;
Не поощряй!;Anger;;;
Не раздави.;Neutral;;;
Раздосадуйся!;Sadness;;;
Она не плакала!;Joy;;;
Она подружилась?;Joy;;;
Серди?;Anger;;;
Рассердись!;Anger;;;
Обрадуйся?;Joy;;;
Она не позабавилась!;Sadness;;;
Она не подшучивала?;Surprise;;;
Сломи?;Anger;;;
Не убивай.;Fear;;;
Она спугивала.;Fear;;;
Она рыдала?;Sadness;;;
Не потоскуй.;Joy;;;
Она не удручала.;Joy;;;
Подави?;Surprise;;;
Хвати!;Neutral;;;
Прискучь?;Sadness;;;
Она ослепила.;Neutral;;;
Она не томилась!;Joy;;;
Она не восторгала.;Sadness;;;
Не обмирай.;Joy;;;
Погневайся?;Anger;;;
Огорчись!;Sadness;;;
Не запугай!;Anger;;;
Она услаждалась?;Joy;;;
Она поразилась?;Surprise;;;
Не озлись?;Surprise;;;
Не подави?;Surprise;;;
Она не устрашилась!;Joy;;;
Она не маялась!;Joy;;;
Затрави.;Anger;;;
Не изной.;Joy;;;
Обижайся?;Sadness;;;
Убивай!;Anger;;;
Она не утомлялась!;Joy;;;
Она переволновала!;Fear;;;
Она беспокоилась.;Fear;;;
Она трепетала?;Fear;;;
Огорчись?;Sadness;;;
Вознегодуй.;Anger;;;
Тушуйся!;Fear;;;
Она надоела?;Sadness;;;
Разволнуй?;Fear;;;
Она не любила!;Sadness;;;
Фыркай.;Anger;;;
Она свирепела!;Anger;;;
Не обожай.;Sadness;;;
Она не проплакала!;Joy;;;
Она не печалила?;Surprise;;;
Не обмирай?;Surprise;;;
Не восхищайся!;Sadness;;;
Она возликовала?;Joy;;;
Не взъярись!;Anger;;;
Окрысься!;Anger;;;
Она ужасалась?;Fear;;;
Переживай?;Fear;;;
Она убивалась!;Sadness;;;
Она изумляла?;Surprise;;;
Не возмути?;Surprise;;;
Она раздавила?;Surprise;;;
Не запугивай.;Anger;;;
Не умайся?;Surprise;;;
Она не рассерчала?;Fear;;;
Восторгайся?;Joy;;;
Она ненавидела?;Anger;;;
Она не воскресила!;Neutral;;;
Она стращала!;Fear;;;
Позлись.;Anger;;;
Она не ободрилась!;Sadness;;;
Она леденела!;Neutral;;;
Она напугалась.;Fear;;;
Она окрылилась?;Joy;;;
Не порадуй.;Sadness;;;
Она не подосадовала?;Surprise;;;
Не разъяри?;Surprise;;;
Шантажируй?;Surprise;;;
Не возненавидь?;Surprise;;;
Она бесила?;Anger;;;
Не переволнуй.;Neutral;;;
Не переутомляй.;Neutral;;;
Хандри?;Sadness;;;
Она не улыбнулась?;Sadness;;;
Встревожься?;Fear;;;
Подбодрись!;Joy;;;
Блаженствуй?;Joy;;;
Она восхищалась.;Joy;;;
Позли?;Anger;;;
Она не удручила!;Joy;;;
Она не надеялась.;Sadness;;;
Она не изумляла!;Neutral;;;
Она глушила!;Неграмматично;;;
Не захандри.;Joy;;;
Она достала?;Surprise;;;
Она забеспокоилась!;Fear;;;
Развеселись.;Joy;;;
Она расстраивала?;Sadness;;;
Беспокой?;Fear;;;
Она унывала!;Sadness;;;
Возликуй?;Joy;;;
Она встревожилась!;Fear;;;
Не позлись?;Surprise;;;
Она не позлила.;Neutral;;;
Хлебни?;Surprise;;;
Она восхитила?;Joy;;;
Она не взбесила?;Surprise;;;
Она не вспылила!;Joy;;;
Воскреси.;Neutral;;;
Она обрадовалась.;Joy;;;
Она не улыбалась!;Sadness;;;
Подивись!;Surprise;;;
Она насытилась?;Surprise;;;
Она не остолбенела?;Surprise;;;
Она недоумевала.;Anger;;;
Перенервничай.;Fear;;;
Она изумилась?;Surprise;;;
Не преследуй!;Anger;;;
Она понравилась.;Joy;;;
Она посетовала!;Sadness;;;
Она не разгневалась?;Surprise;;;
Она воодушевилась!;Joy;;;
Она не веселилась!;Sadness;;;
Не насмехайся!;Sadness;;;
Она извелась.;Sadness;;;
Изнемоги.;Sadness;;;
Она пьянела!;Anger;;;
Поверь!;Anger;;;
Терпи?;Surprise;;;
Она не перенервничала.;Neutral;;;
Она не радовала.;Sadness;;;
Она не изумилась?;Surprise;;;
Невзлюби!;Anger;;;
Она убивалась.;Sadness;;;
Она не обозлилась!;Joy;;;
Не озлобляй?;Surprise;;;
Она удивляла.;Surprise;;;
Она не просияла?;Sadness;;;
Не испугайся.;Neutral;;;
Не трясись!;Anger;;;
Она не обалдевала.;Neutral;;;
Озлобляйся?;Anger;;;
Она обижалась?;Sadness;;;
Она не потрясла.;Neutral;;;
Восхищайся!;Joy;;;
Скорби.;Sadness;;;
Она разъярила!;Anger;;;
Упивайся?;Surprise;;;
Не позлись!;Anger;;;
Не фыркай.;Anger;;;
Заволнуйся!;Fear;;;
Она не измочаливала!;Anger;;;
Замучься.;Sadness;;;
Не обалдевай?;Surprise;;;
Не измайся!;Joy;;;
Она побаивалась.;Fear;;;
Не туманься.;Неграмматично;;;
Она угрожала.;Anger;;;
Истоскуйся!;Sadness;;;
Она не ненавидела!;Joy;;;
Она не позлила!;Joy;;;
Она не приободрилась?;Fear;;;
Она не помучилась!;Joy;;;
Она не обалдела!;Neutral;;;
Не разгневай!;Fear;;;
Она не перетрусила.;Joy;;;
Смей?;Surprise;;;
Она радовала!;Joy;;;
Не рассмейся.;Sadness;;;
Не побаивайся?;Surprise;;;
Не взбадривайся!;Sadness;;;
Нервничай?;Fear;;;
Не посмейся!;Sadness;;;
Стыдись?;Fear;;;
Оплакивай!;Sadness;;;
Она не захандрила?;Surprise;;;
Она заинтересовала.;Joy;;;
Переболей!;Sadness;;;
Она побоялась!;Fear;;;
Не обозлись?;Surprise;;;
Стервеней!;Anger;;;
Улыбнись!;Joy;;;
Она содрогалась!;Fear;;;
Смущай?;Fear;;;
Осточертей!;Anger;;;
Не дуйся.;Joy;;;
Она удивляла!;Surprise;;;
Жги!;Joy;;;
Она не казнилась!;Anger;;;
Она повредила.;Anger;;;
Доставай?;Surprise;;;
Она не изнервничалась!;Anger;;;
Не воскреси.;Neutral;;;
Она потрясла!;Surprise;;;
Не тоскуй?;Surprise;;;
Она не расстроилась.;Joy;;;
Она взбеленила!;Anger;;;
Она озлобила!;Anger;;;
Наскучь!;Sadness;;;
Покайся.;Anger;;;
Она изныла.;Sadness;;;
Не подосадуй!;Joy;;;
Освещай.;Joy;;;
Она подавила!;Anger;;;
Торжествуй?;Joy;;;
Она не поражалась.;Sadness;;;
Она не печалилась?;Surprise;;;
Вознегодуй?;Anger;;;
Не весели?;Sadness;;;
Потоскуй!;Sadness;;;
Не убивайся.;Joy;;;
Она не возненавидела.;Joy;;;
Она не обозлилась?;Surprise;;;
Омрачайся!;Sadness;;;
Не поникни?;Surprise;;;
Она не омрачала!;Joy;;;
Не потрясай!;Anger;;;
Не сердись?;Surprise;;;
Взбеси.;Anger;;;
Не диви.;Neutral;;;
Не омрачайся?;Surprise;;;
Поплачь!;Sadness;;;
Не скисни.;Joy;;;
Она не опупела.;Neutral;;;
Она не погрустила!;Joy;;;
Она кисла!;Sadness;;;
Она не огорчалась!;Joy;;;
Она не воскрешала.;Neutral;;;
Она не улыбнулась.;Sadness;;;
Не злобься.;Joy;;;
Она затравила.;Anger;;;
Она не недоумевала!;Surprise;;;
Она не тосковала?;Surprise;;;
Она не спугивала!;Anger;;;
Она обижалась!;Sadness;;;
Она не рыдала!;Joy;;;
Не расстрой?;Surprise;;;
Не намыкайся.;Anger;;;
Не смейся.;Sadness;;;
Она не переутомила.;Joy;;;
Она разобиделась?;Sadness;;;
Не изнури!;Neutral;;;
Она не освежалась?;Surprise;;;
Не расстрой!;Anger;;;
Она сосала?;Surprise;;;
Она обеспокоила!;Fear;;;
Она не боялась.;Neutral;;;
Намучься?;Sadness;;;
Она не стращала.;Neutral;;;
Она умаяла?;Sadness;;;
Болей.;Sadness;;;
Стоскуйся.;Sadness;;;
Не выстрадай.;Joy;;;
Она возмутила!;Anger;;;
Она процветала.;Joy;;;
Она обрадовалась!;Joy;;;
Она не опечаливала.;Joy;;;
Она прискучила!;Sadness;;;
Она напугалась?;Fear;;;
Не надейся.;Sadness;;;
Не разозлись.;Fear;;;
Она не обидела!;Joy;;;
Не вытерпи!;Neutral;;;
Поражай!;Surprise;;;
Она не восхитилась.;Sadness;;;
Она не измотала.;Joy;;;
Она содрогалась.;Fear;;;
Она пошутила!;Joy;;;
Позлорадствуй?;Anger;;;
Не убей?;Surprise;;;
Не переволнуйся.;Neutral;;;
Она не дивилась?;Surprise;;;
Удовлетворись!;Joy;;;
Она не поразила?;Surprise;;;
Не смущайся?;Surprise;;;
Мучь!;Sadness;;;
Приободрись!;Joy;;;
Она покаялась?;Surprise;;;
Она не свирепела!;Joy;;;
Она не подавила?;Surprise;;;
Порази?;Surprise;;;
Она пугнула?;Fear;;;
Она сломилась.;Sadness;;;
Она не убила.;Joy;;;
Она помрачала?;Sadness;;;
Она наскучила?;Sadness;;;
Она подавила.;Anger;;;
Она не обеспокоилась?;Surprise;;;
Прискучивай!;Sadness;;;
Она не скисла?;Surprise;;;
Она не обмирала.;Joy;;;
Она не взбесила.;Neutral;;;
Она не опостылела?;Surprise;;;
Захватывай?;Surprise;;;
Порадуй.;Joy;;;
Не утомляйся?;Surprise;;;
Она затосковала!;Sadness;;;
Она испугала?;Fear;;;
Она не торжествовала?;Surprise;;;
Она не стосковалась.;Joy;;;
Расстройся.;Sadness;;;
Подосадуй.;Sadness;;;
Она изнемогла?;Sadness;;;
Она не глушила?;Surprise;;;
Не изумляй.;Neutral;;;
Не проклинай.;Fear;;;
Она тряслась!;Fear;;;
Она не скучала.;Joy;;;
Загорюй?;Sadness;;;
Она не намыкалась!;Anger;;;
Сконфузься.;Fear;;;
Не воскресни.;Sadness;;;
Она не освещала!;Sadness;;;
Не приуной?;Surprise;;;
Она изнывала?;Sadness;;;
Она не шантажировала!;Neutral;;;
Она злобилась.;Anger;;;
Расцветай!;Joy;;;
Не надуйся!;Joy;;;
Обомри!;Sadness;;;
Она не намыкалась.;Неграмматично;;;
Она обижалась.;Sadness;;;
Не натерпись.;Neutral;;;
Не настрадайся?;Surprise;;;
Не поплачь!;Joy;;;
Удивляй.;Surprise;;;
Она скорбела!;Sadness;;;
Она не возмущалась?;Surprise;;;
Ободрись?;Joy;;;
Она пела!;Neutral;;;
Она не обиделась!;Joy;;;
Не трясись?;Surprise;;;
Не взбеленись.;Fear;;;
Омрачай.;Sadness;;;
Она изнемогла!;Sadness;;;
Запугай!;Fear;;;
Жги.;Joy;;;
Не перепугай.;Neutral;;;
Не захватывай.;Neutral;;;
Соскучься?;Sadness;;;
Она не насладилась!;Sadness;;;
Не переживай.;Joy;;;
Изнуряй!;Sadness;;;
Она не настрадалась?;Surprise;;;
Злей!;Anger;;;
Уважай.;Neutral;;;
Не заинтересуй?;Surprise;;;
Она вознегодовала!;Anger;;;
Она пьянела.;Neutral;;;
Нервируй!;Fear;;;
Она не обеспокоила?;Surprise;;;
Не конфузься.;Joy;;;
Отчаивайся!;Sadness;;;
Не потряси!;Anger;;;
Она ликовала?;Surprise;;;
Воспрянь!;Joy;;;
Она не беспокоилась.;Joy;;;
Она не запугала.;Joy;;;
Она не скисала.;Joy;;;
Она не удивляла!;Sadness;;;
Не повеселей!;Sadness;;;
Она стосковалась?;Sadness;;;
Она не нарадовалась!;Sadness;;;
Она взбеленилась!;Anger;;;
Она не рассвирепела?;Fear;;;
Ослепи.;Anger;;;
Не злобствуй?;Surprise;;;
Терроризируй?;Anger;;;
Она тосковала?;Sadness;;;
Утомляйся.;Sadness;;;
Она не изнуряла?;Surprise;;;
Не казнись!;Joy;;;
Изматывай?;Sadness;;;
Возрадуйся?;Joy;;;
Она не восхищала.;Sadness;;;
Она ликовала!;Joy;;;
Не веселись?;Sadness;;;
Заледеней!;Neutral;;;
Она не резвилась.;Sadness;;;
Она хандрила?;Sadness;;;
Она не удивила.;Sadness;;;
Не перетревожь.;Неграмматично;;;
Она опечаливала.;Sadness;;;
Она не ужасала!;Neutral;;;
Не истомись.;Neutral;;;
Вспыли!;Anger;;;
Она негодовала?;Anger;;;
Она не подивилась?;Surprise;;;
Домучься?;Sadness;;;
Не изнемоги!;Joy;;;
Не разгневайся?;Surprise;;;
Она обожала?;Joy;;;
Не опостылей!;Anger;;;
Не процветай!;Sadness;;;
Она не наскучила.;Joy;;;
Не рассерчай?;Surprise;;;
Не переутоми!;Anger;;;
Скучай.;Sadness;;;
Не переутоми.;Anger;;;
Закручинься?;Sadness;;;
Она не хихикала?;Surprise;;;
Не угрюмей!;Joy;;;
Она не тревожилась.;Joy;;;
Она не злела?;Surprise;;;
Она стосковалась.;Sadness;;;
Она не осерчала?;Surprise;;;
Волнуй!;Fear;;;
Не паникуй!;Neutral;;;
Она досадовала!;Sadness;;;
Не нарадуйся!;Sadness;;;
Она не насмехалась?;Surprise;;;
Она раздосадовалась.;Sadness;;;
Она не помрачилась?;Surprise;;;
Не раздави?;Surprise;;;
Она расстраивалась?;Sadness;;;
Она не радовалась.;Sadness;;;
Развлекись!;Joy;;;
Не тушуйся.;Joy;;;
Раздразнивай?;Surprise;;;
Ужаснись?;Fear;;;
Позлорадствуй.;Anger;;;
Гордись.;Joy;;;
Она не обожала?;Sadness;;;
Она пригорюнилась?;Sadness;;;
Не жалей.;Joy;;;
Не поникни.;Joy;;;
Она устыдилась?;Fear;;;
Позабавься!;Joy;;;
Не позли.;Fear;;;
Не пугани!;Fear;;;
Ужасайся!;Fear;;;
Она не разволновала?;Surprise;;;
Страши!;Fear;;;
Она не изныла.;Joy;;;
Печаль.;Sadness;;;
Она не промаялась.;Joy;;;
Не озлобляй.;Neutral;;;
Она резвилась!;Joy;;;
Она не ужасалась.;Joy;;;
Она не перенервничала!;Joy;;;
Травмируй.;Anger;;;
Не убивайся!;Joy;;;
Не страшись?;Surprise;;;
Не интересуйся?;Surprise;;;
Она взбеленилась?;Anger;;;
Она подивила.;Surprise;;;
Не обомри!;Anger;;;
Она не возненавидела?;Surprise;;;
Она не озлила!;Joy;;;
Подступай?;Surprise;;;
Страшись!;Fear;;;
Она не развеселила.;Sadness;;;
Она не растревожила!;Joy;;;
Она развеселилась!;Joy;;;
Она удовлетворялась!;Joy;;;
Она захандрила.;Sadness;;;
Спугивай?;Fear;;;
Она огорчила.;Sadness;;;
Струси!;Fear;;;
Удивляйся!;Surprise;;;
Не любуйся.;Sadness;;;
Понравься?;Joy;;;
Прослезись!;Sadness;;;
Стыдись.;Fear;;;
Не расцвети!;Sadness;;;
Не промайся?;Surprise;;;
Наскучивай.;Sadness;;;
Она терроризировала.;Anger;;;
Не любуйся?;Surprise;;;
Не изнемогай?;Surprise;;;
Она не уважала!;Anger;;;
Она не перепугала!;Joy;;;
Травмируй!;Anger;;;
Не льсти!;Anger;;;
Не страшись.;Joy;;;
Она не изнывала!;Joy;;;
Погрустней?;Sadness;;;
Она поразила.;Surprise;;;
Она побаивалась?;Fear;;;
Не осерчай?;Surprise;;;
Переживай.;Sadness;;;
Она не смеялась?;Sadness;;;
Она жгла?;Surprise;;;
Не болей!;Joy;;;
Изнывай!;Sadness;;;
Она не боялась!;Joy;;;
Она обидела?;Sadness;;;
Она грустила!;Sadness;;;
Не гнети?;Surprise;;;
Озлобляйся.;Anger;;;
Испугайся!;Fear;;;
Не плачь.;Joy;;;
Она не озлобилась.;Joy;;;
Тяготи!;Sadness;;;
Не освещай?;Surprise;;;
Она переволновала.;Fear;;;
Не утомляйся!;Joy;;;
Не опечалься!;Joy;;;
Понравься.;Joy;;;
Она мучилась.;Sadness;;;
Она не угнетала?;Fear;;;
Не болей?;Surprise;;;
Она не выстрадала?;Surprise;;;
Омрачись.;Sadness;;;
Она не расстроилась!;Joy;;;
Любуйся.;Joy;;;
Она не надоела.;Joy;;;
Она омрачала!;Sadness;;;
Она не измучилась.;Joy;;;
Поощряй?;Joy;;;
Не привязывайся.;Neutral;;;
Раздражай?;Anger;;;
Не трепещи!;Joy;;;
Она давила!;Neutral;;;
Разозлись.;Anger;;;
Не осознавай.;Neutral;;;
Топай?;Surprise;;;
Она понервничала?;Fear;;;
Она не выстрадала.;Joy;;;
Повеселись?;Joy;;;
Она поникла!;Sadness;;;
Раздави!;Neutral;;;
Она любила.;Joy;;;
Она не воскресила.;Neutral;;;
Она не понравилась?;Sadness;;;
Не возмущай?;Surprise;;;
Она ужаснулась.;Fear;;;
Она не подбодрилась?;Surprise;;;
Разъярись!;Anger;;;
Обмирай?;Sadness;;;
Она не сохла.;Joy;;;
Она не приунывала.;Joy;;;
Не перетерпи!;Anger;;;
Не прогневайся?;Surprise;;;
Помрачайся.;Sadness;;;
Не изматывай?;Surprise;;;
Она не потосковала.;Joy;;;
Она процветала!;Sadness;;;
Не освежи?;Surprise;;;
Радуй?;Joy;;;
Освежайся.;Joy;;;
Не надивись.;Neutral;;;
Казнись.;Sadness;;;
Она не остолбенела.;Neutral;;;
Она не негодовала.;Joy;;;
Помрачи!;Fear;;;
Не злорадствуй?;Surprise;;;
Она не приунывала?;Joy;;;
Она злобилась?;Anger;;;
Сломись?;Surprise;;;
Не смущайся.;Joy;;;
Она не разозлилась?;Fear;;;
Она хватила!;Neutral;;;
Она не подружилась.;Sadness;;;
Развлеки?;Joy;;;
Она не стеснялась.;Joy;;;
Надейся.;Joy;;;
Радуй!;Joy;;;
Изматывай!;Sadness;;;
Она не промаялась!;Joy;;;
Она опасалась.;Fear;;;
Просияй.;Joy;;;
Наскучивай!;Neutral;;;
Она озлила!;Anger;;;
Не услаждайся?;Sadness;;;
Она не освещала.;Neutral;;;
Не взбесись.;Fear;;;
Она ужаснулась!;Fear;;;
Озли?;Anger;;;
Она не стосковалась!;Joy;;;
Она осерчала!;Anger;;;
Она не устыдилась!;Joy;;;
Она перенервничала.;Fear;;;
Взорвись?;Surprise;;;
Она погоревала?;Sadness;;;
Не разозлись!;Fear;;;
Рассердись?;Anger;;;
Она струхнула!;Fear;;;
Она не помрачила.;Joy;;;
Воскресай?;Surprise;;;
Понравься!;Joy;;;
Она блаженствовала?;Joy;;;
Не разочаруйся!;Neutral;;;
Приободряйся.;Joy;;;
Труси.;Fear;;;
Она не удовлетворяла!;Anger;;;
Переволнуй.;Fear;;;
Разобидься.;Sadness;;;
Не взбадривайся.;Sadness;;;
Переволнуйся!;Fear;;;
Загорюй.;Sadness;;;
Она не стервенела.;Joy;;;
Она обеспокоилась!;Fear;;;
Она ужаснула.;Fear;;;
Не глуши?;Surprise;;;
Не пугай!;Anger;;;
Тревожься.;Fear;;;
Заскучай!;Sadness;;;
Не весели.;Sadness;;;
Не надоешь.;Joy;;;
Сердись.;Anger;;;
Привязывайся!;Neutral;;;
Преследуй.;Neutral;;;
Не убойся?;Surprise;;;
Злей.;Anger;;;
Нарадуйся.;Joy;;;
Не расстраивайся?;Joy;;;
Не развлекись.;Sadness;;;
Она не расцветала?;Surprise;;;
Она не освежилась.;Neutral;;;
Она не злобствовала?;Surprise;;;
Убей?;Anger;;;
Она дивилась!;Surprise;;;
Не устрашайся?;Surprise;;;
Она не застращала?;Surprise;;;
Она не приуныла!;Joy;;;
Не трясись.;Neutral;;;
Она утомлялась.;Sadness;;;
Она не ослепила!;Neutral;;;
Не воодушевись.;Sadness;;;
Тяготи.;Sadness;;;
Она разгневала!;Anger;;;
Не поражай?;Surprise;;;
Не захватывай?;Surprise;;;
Она не закручинилась!;Joy;;;
Она не обижалась.;Joy;;;
Не струси!;Joy;;;
Она не недоумевала?;Surprise;;;
Не переболей!;Fear;;;
Не удручай.;Joy;;;
Она напугалась!;Fear;;;
Она тяготила!;Sadness;;;
Не ободряйся!;Sadness;;;
Она тосковала!;Sadness;;;
Она не исстрадалась.;Joy;;;
Ужасай?;Fear;;;
Не переверни.;Neutral;;;
Она не встряхивалась!;Neutral;;;
Она не поражалась!;Neutral;;;
Промайся?;Sadness;;;
Не раздражай!;Anger;;;
Она разочаровала!;Sadness;;;
Не точи!;Anger;;;
Не серчай.;Fear;;;
Она не хлебнула!;Anger;;;
Серди!;Anger;;;
Она не побаивалась?;Surprise;;;
Она не раздразнивала.;Neutral;;;
Она не казнилась?;Surprise;;;
Не злорадствуй!;Anger;;;
Убивайся?;Sadness;;;
Не беспокой.;Neutral;;;
Испугайся.;Fear;;;
Растревожь?;Fear;;;
Она извелась?;Sadness;;;
Она убила.;Anger;;;
Не помучься!;Joy;;;
Она не истомилась?;Surprise;;;
Рыдай?;Sadness;;;
Сокрушайся?;Sadness;;;
Не скисай?;Surprise;;;
Она подавляла!;Anger;;;
Она возмутила?;Anger;;;
Она не удручала?;Surprise;;;
Она услаждалась.;Joy;;;
Не взорви.;Neutral;;;
Она осознавала!;Neutral;;;
Не сокруши?;Surprise;;;
Она не взбодрилась.;Sadness;;;
Она конфузилась?;Fear;;;
Она не озлобила!;Joy;;;
Волнуйся?;Fear;;;
Она не позлорадствовала?;Surprise;;;
Не никни!;Joy;;;
Она точила!;Neutral;;;
Не подави!;Anger;;;
Не помрачи!;Joy;;;
Не обрадуй!;Sadness;;;
Она не раздразнивала?;Surprise;;;
Она изумила?;Surprise;;;
Она льстила.;Joy;;;
Она недолюбливала!;Anger;;;
Она тушевалась!;Fear;;;
Она проплакала.;Sadness;;;
Она обозлила.;Anger;;;
Она не хмурилась.;Joy;;;
Не разочаруй?;Surprise;;;
Не разъярись!;Fear;;;
Возрыдай!;Sadness;;;
Злись!;Anger;;;
Беспокойся!;Fear;;;
Резвись!;Joy;;;
Она гневалась?;Anger;;;
Она не страшилась.;Joy;;;
Она не стыдилась!;Joy;;;
Она исстрадалась!;Sadness;;;
Окрылись.;Joy;;;
Порадуйся.;Joy;;;
Печалься.;Sadness;;;
Не соскучься?;Surprise;;;
Не растревожь!;Anger;;;
Не струхни.;Joy;;;
Не разозли!;Fear;;;
Она не поникла?;Surprise;;;
Она не помрачила!;Joy;;;
Обомри.;Fear;;;
Она не перевернула.;Neutral;;;
Раздосадуйся.;Sadness;;;
Не позабавься?;Surprise;;;
Она помрачала.;Sadness;;;
Она не переболела?;Surprise;;;
Она приободрялась!;Joy;;;
Не волнуй!;Anger;;;
Не оживи.;Neutral;;;
Глуши.;Sadness;;;
Позли.;Anger;;;
Она не угрюмела.;Joy;;;
Не тяготи.;Anger;;;
Она не устрашала!;Joy;;;
Не позабавься.;Sadness;;;
Она не ужаснулась?;Surprise;;;
Умай.;Sadness;;;
Разгневайся?;Anger;;;
Не изнемоги.;Neutral;;;
Позлись!;Anger;;;
Не посмейся?;Surprise;;;
Она не кручинилась!;Joy;;;
Она наскучила!;Sadness;;;
Не свирепей.;Fear;;;
Не удивись!;Neutral;;;
Не казнись?;Surprise;;;
Она не пошутила!;Sadness;;;
Она не утомилась?;Surprise;;;
Не ужаснись!;Surprise;;;
Жалей!;Sadness;;;
Она не расцвела!;Sadness;;;
Не надуйся.;Anger;;;
Помрачайся!;Sadness;;;
Она не переболела!;Sadness;;;
Она не возвеселилась?;Sadness;;;
Она возненавидела!;Anger;;;
Она ранила.;Sadness;;;
Она не повеселилась!;Sadness;;;
Не напугайся?;Surprise;;;
Истерзайся!;Sadness;;;
Не разнервничайся!;Joy;;;
Не загорюй?;Surprise;;;
Не встревожься.;Joy;;;
Она омрачилась.;Sadness;;;
Она приободрялась?;Joy;;;
Она не проклинала?;Fear;;;
Не коли?;Surprise;;;
Она не гордилась?;Sadness;;;
Она захватывала!;Neutral;;;
Сокрушайся!;Sadness;;;
Насмехайся?;Surprise;;;
Она не фыркала?;Surprise;;;
Она не сокрушила.;Joy;;;
Не взвой!;Anger;;;
Она не умаивала!;Joy;;;
Грусти.;Sadness;;;
Не соси?;Surprise;;;
Изуми?;Surprise;;;
Не рань?;Surprise;;;
Она не прискучивала!;Joy;;;
Она воскрешала!;Joy;;;
Пой!;Joy;;;
Она обозлила?;Anger;;;
Измочаливай.;Sadness;;;
Рань.;Sadness;;;
Она измучилась?;Sadness;;;
Она позлила.;Anger;;;
Она освежилась!;Joy;;;
Не взволнуйся?;Surprise;;;
Она запугивала!;Fear;;;
Она подивилась?;Surprise;;;
Не интересуйся!;Anger;;;
Не злорадствуй.;Neutral;;;
Не осерчай!;Fear;;;
Она не обеспокоилась!;Surprise;;;
Она нервировала!;Fear;;;
Она не истосковалась?;Surprise;;;
Она не понравилась!;Anger;;;
Приободряйся?;Joy;;;
Она обожала!;Joy;;;
Она обрадовала.;Joy;;;
Намыкайся?;Неграмматично;;;
Она не посмеивалась!;Sadness;;;
Пошути?;Joy;;;
Она не разъярилась.;Neutral;;;
Она трусила!;Fear;;;
Встревожь.;Fear;;;
Она оплакала?;Sadness;;;
Она не поплакала.;Joy;;;
Она не струсила?;Surprise;;;
Не трепещи?;Surprise;;;
Она не возрадовалась.;Sadness;;;
Она сокрушалась.;Sadness;;;
Унывай?;Sadness;;;
Не погорюй!;Joy;;;
Не освежай.;Neutral;;;
Она не воскресала?;Surprise;;;
Она возликовала!;Joy;;;
Она волновала?;Fear;;;
Не насыщайся.;Sadness;;;
Она не беспокоила.;Neutral;;;
Она не выстрадала!;Anger;;;
Она ярилась?;Anger;;;
Не осточертей!;Anger;;;
Она позабавилась?;Joy;;;
Встряхивайся!;Joy;;;
Серди.;Anger;;;
Переутоми!;Sadness;;;
Не невзлюби.;Anger;;;
Она не разгневалась!;Surprise;;;
Прослезись.;Sadness;;;
Она пугнула!;Fear;;;
Она не восторгалась?;Sadness;;;
Не подиви.;Neutral;;;
Она смущалась.;Fear;;;
Она ошеломила!;Surprise;;;
Терроризируй.;Anger;;;
Она упилась.;Neutral;;;
Она не перетерпела?;Surprise;;;
Тушуйся.;Fear;;;
Позлись?;Anger;;;
Измочаливай!;Anger;;;
Отпугивай?;Fear;;;
Удивляй?;Surprise;;;
Пригорюнься!;Sadness;;;
Не ужасни!;Anger;;;
Она тушевалась?;Fear;;;
Повреди!;Anger;;;
Не диви!;Neutral;;;
Она тяготила?;Surprise;;;
Хихикай!;Joy;;;
Она не испугала?;Surprise;;;
Она разозлилась.;Anger;;;
Не понравься!;Anger;;;
Зли?;Anger;;;
Отчаивайся?;Sadness;;;
Она колола!;Neutral;;;
Она надивилась?;Surprise;;;
Она прискучила.;Sadness;;;
Возмутись!;Anger;;;
Она раздосадовала.;Sadness;;;
Не прогневайся!;Fear;;;
Не оплакивай?;Surprise;;;
Помрачай.;Sadness;;;
Она насладилась.;Joy;;;
Не истомись!;Anger;;;
Она не обмирала!;Surprise;;;
Порадуйся?;Joy;;;
Она разобиделась.;Sadness;;;
Она гневалась!;Anger;;;
Она посетовала?;Sadness;;;
Не стращай.;Joy;;;
Она не раздражалась!;Joy;;;
Она не расстраивалась?;Surprise;;;
Не приунывай.;Joy;;;
Она погневалась.;Anger;;;
Она не поверила.;Neutral;;;
Тоскуй!;Sadness;;;
Она разъярилась.;Anger;;;
Не изуми?;Surprise;;;
Она погрустила!;Sadness;;;
Не замучивайся?;Surprise;;;
Она испугала.;Fear;;;
Не жги?;Surprise;;;
Она раздразнивала?;Surprise;;;
Не сконфузься.;Neutral;;;
Не прискучивай.;Neutral;;;
Изнервничайся?;Fear;;;
Она не возмущала?;Surprise;;;
Она не ужасалась!;Surprise;;;
Не надоедай.;Anger;;;
Не унывай.;Joy;;;
Не топай!;Anger;;;
Натерпись.;Sadness;;;
Не запугивай!;Anger;;;
Она не любовалась!;Sadness;;;
Она не озлобляла.;Joy;;;
Она заинтересовала?;Joy;;;
Изматывайся.;Sadness;;;
Измотайся!;Sadness;;;
Она не ободрялась?;Surprise;;;
Любуйся?;Joy;;;
Она поплакала?;Sadness;;;
Она не обмерла!;Joy;;;
Она тужила!;Sadness;;;
Забойся!;Fear;;;
Пугай!;Fear;;;
Она возмущала?;Anger;;;
Она не интересовалась.;Neutral;;;
Устрашай?;Fear;;;
Не изнуряй?;Surprise;;;
Не глуши.;Neutral;;;
Она не позлорадствовала.;Sadness;;;
Она не трепетала?;Surprise;;;
Она не раздосадовала?;Surprise;;;
Она не переутомила?;Surprise;;;
Она позлила?;Anger;;;
Она не истомилась!;Joy;;;
Она не рассердилась!;Joy;;;
Она не сосала.;Neutral;;;
Не запугай?;Surprise;;;
Она не хмурилась!;Anger;;;
Воспрянь?;Joy;;;
Не возненавидь!;Fear;;;
Не утомляй?;Joy;;;
Возмущайся?;Anger;;;
Она умаивала!;Sadness;;;
Она возвеселилась.;Joy;;;
Она не поощряла!;Anger;;;
Она не умаяла!;Joy;;;
Опасайся?;Fear;;;
Она сохла?;Surprise;;;
Не отпугивай!;Anger;;;
Не злись?;Surprise;;;
Она измоталась.;Sadness;;;
Она огорчала!;Sadness;;;
Она умаялась?;Surprise;;;
Не расстраивайся!;Joy;;;
Она не изматывалась?;Surprise;;;
Она не плавала?;Surprise;;;
Она дулась!;Sadness;;;
Она не спугивала?;Surprise;;;
Она упивалась?;Surprise;;;
Она не злила!;Joy;;;
Воскреси?;Surprise;;;
Удивись!;Surprise;;;
Не раздражай?;Surprise;;;
Она потосковала?;Sadness;;;
Просияй!;Joy;;;
Она не посмеялась.;Sadness;;;
Она остолбенела?;Surprise;;;
Она не удручала!;Joy;;;
Она серчала.;Anger;;;
Опостылей?;Sadness;;;
Поверь?;Surprise;;;
Не никни.;Joy;;;
Не терпи.;Neutral;;;
Разъярись?;Anger;;;
Она не изматывалась!;Joy;;;
Она не потосковала!;Joy;;;
Она не угнетала.;Joy;;;
Обидь.;Sadness;;;
Она болела!;Sadness;;;
Она не злобилась!;Neutral;;;
Не волнуйся?;Surprise;;;
Она веселилась?;Joy;;;
Она разнервничалась.;Fear;;;
Раздражись.;Anger;;;
Она затравила!;Anger;;;
Она не паниковала.;Neutral;;;
Она не сердилась?;Fear;;;
Она не застращала!;Joy;;;
Радуйся!;Joy;;;
Она не освежила!;Sadness;;;
Она омрачилась!;Sadness;;;
Она не кисла.;Joy;;;
Она не истосковалась!;Joy;;;
Она не мучилась!;Joy;;;
Смутись.;Fear;;;
Разозли!;Anger;;;
Не развлекай!;Sadness;;;
Не надуйся?;Surprise;;;
Не паникуй.;Neutral;;;
Она не торжествовала.;Sadness;;;
Она не оплакивала?;Surprise;;;
Понервничай?;Fear;;;
Удиви!;Surprise;;;
Она не убивалась.;Joy;;;
Она не потосковала?;Surprise;;;
Не растревоживай!;Anger;;;
Она подшучивала.;Joy;;;
Она запугивала.;Fear;;;
Она волновалась?;Fear;;;
Соси?;Surprise;;;
Она не мучила?;Fear;;;
Она взбадривалась?;Joy;;;
Прискучь!;Sadness;;;
Она интересовалась!;Joy;;;
Опасайся!;Anger;;;
Убивайся!;Sadness;;;
Не расцвети.;Sadness;;;
Она не стыдилась?;Surprise;;;
Она поволновалась.;Fear;;;
Не погневайся!;Fear;;;
Не наскучь.;Neutral;;;
Она не позлилась!;Joy;;;
Не раздражайся!;Fear;;;
Она не изматывала!;Joy;;;
Она выматывала.;Sadness;;;
Не побойся!;Joy;;;
Она убивала?;Fear;;;
Истерзайся.;Sadness;;;
Изнури!;Sadness;;;
Осердись?;Anger;;;
Не посмеивайся?;Sadness;;;
Она не трепетала!;Surprise;;;
Она соскучилась?;Sadness;;;
Она паниковала?;Fear;;;
Она развеселилась.;Joy;;;
Стоскуйся!;Sadness;;;
Она любила?;Joy;;;
Она вдохновлялась.;Joy;;;
Она не взбадривалась?;Surprise;;;
Она не дивила?;Surprise;;;
Злись.;Anger;;;
Она не оплакала.;Joy;;;
Она обеспокоила.;Fear;;;
Привязывайся?;Surprise;;;
Не подавляй!;Anger;;;
Она травмировала.;Neutral;;;
Она не бесилась.;Neutral;;;
Она мучилась!;Sadness;;;
Хмурься!;Sadness;;;
Не озлобляйся?;Joy;;;
Не разочаруй!;Anger;;;
Она не измотала!;Joy;;;
Она не развеселила?;Surprise;;;
Она насытилась!;Joy;;;
Она доставала!;Anger;;;
Не сдрейфи!;Joy;;;
Затрави?;Anger;;;
Она не окрысилась.;Neutral;;;
Она не сломила!;Joy;;;
Она не взволновала.;Neutral;;;
Гневайся.;Anger;;;
Она не озлобилась!;Joy;;;
Она не замучилась.;Joy;;;
Она взбесилась?;Anger;;;
Она пугала!;Fear;;;
Балдей?;Joy;;;
Серчай?;Anger;;;
Не ликуй!;Sadness;;;
Она не мучилась?;Surprise;;;
Она обожглась.;Sadness;;;
Уважай!;Anger;;;
Она не омрачила.;Joy;;;
Затоскуй!;Sadness;;;
Она напугала!;Fear;;;
Она встревожилась.;Surprise;;;
Радуйся.;Joy;;;
Она не омрачала?;Surprise;;;
Не рассвирепей?;Neutral;;;
Она злилась.;Anger;;;
Она не недолюбливала!;Neutral;;;
Не беси.;Anger;;;
Она не изумлялась.;Neutral;;;
Она топала?;Surprise;;;
Она стервенела!;Anger;;;
Она не сникала.;Joy;;;
Содрогайся.;Fear;;;
Подивись?;Surprise;;;
Она восторгалась.;Joy;;;
Она осточертела?;Anger;;;
Не возрадуйся.;Sadness;;;
Она не прискучила?;Surprise;;;
Она струсила?;Fear;;;
Не забеспокойся!;Neutral;;;
Она не шантажировала.;Neutral;;;
Она надеялась.;Neutral;;;
Она раздражалась!;Anger;;;
Не помучься?;Surprise;;;
Она не опечалила?;Surprise;;;
Она не поплакала?;Surprise;;;
Воскреси!;Neutral;;;
Ужасайся.;Fear;;;
Она не пуганула?;Surprise;;;
Она разозлила?;Anger;;;
Она привязывалась?;Anger;;;
Она не замучивалась!;Joy;;;
Она стыдилась.;Fear;;;
Не восхищай?;Surprise;;;
Огорчай?;Sadness;;;
Она не осознавала!;Anger;;;
Она не гневалась?;Fear;;;
Она любовалась?;Joy;;;
Опечаль!;Sadness;;;
Никни?;Sadness;;;
Не вымотай?;Surprise;;;
Она радовала?;Joy;;;
Поволнуйся!;Fear;;;
Она устрашилась.;Fear;;;
Не растревоживай?;Surprise;;;
Она стосковалась!;Sadness;;;
Удовлетворяй?;Joy;;;
Она не ликовала.;Sadness;;;
Она не напугала.;Joy;;;
Не наскучь!;Joy;;;
Она растревоживала.;Surprise;;;
Она презирала?;Surprise;;;
Она измотала?;Sadness;;;
Она не горевала.;Joy;;;
Она не сконфузилась.;Joy;;;
Запугивай?;Fear;;;
Она рассерчала?;Anger;;;
Не взбеленись!;Anger;;;
Она окрылила!;Joy;;;
Она не поверила?;Surprise;;;
Она захандрила?;Sadness;;;
Она подивилась!;Surprise;;;
Ужасни!;Fear;;;
Она раздражилась?;Anger;;;
Она не посмеялась!;Sadness;;;
Она испугалась.;Fear;;;
Возрыдай.;Sadness;;;
Она обожала.;Joy;;;
Она подружилась!;Joy;;;
Перепугай?;Fear;;;
Подавляй!;Anger;;;
Она не тревожилась?;Surprise;;;
Она злила.;Anger;;;
Сохни?;Surprise;;;
Взбесись?;Anger;;;
Она не заволновалась?;Surprise;;;
Она не восторгала!;Anger;;;
Она сохла!;Neutral;;;
Она надивилась.;Surprise;;;
Она восхитилась!;Joy;;;
Стоскуйся?;Sadness;;;
Она светилась.;Joy;;;
Не опечалься?;Joy;;;
Не досадуй?;Surprise;;;
Поражайся.;Surprise;;;
Она мечтала!;Joy;;;
Она удивила.;Surprise;;;
Она не озлобила?;Fear;;;
Она не переволновалась?;Surprise;;;
Напугай!;Fear;;;
Она обидела.;Sadness;;;
Она стращала.;Fear;;;
Она посмеивалась.;Joy;;;
Она не поощряла.;Anger;;;
Она помрачила.;Sadness;;;
Не измайся.;Joy;;;
Устыдись?;Fear;;;
Не бойся?;Surprise;;;
Она не ненавидела.;Joy;;;
Подосадуй?;Sadness;;;
Она не травмировала!;Anger;;;
Не встряхнись!;Sadness;;;
Она загрустила?;Sadness;;;
Она развлекла.;Joy;;;
Не дрожи.;Neutral;;;
Возликуй!;Joy;;;
Она не подавила!;Joy;;;
Она умаялась.;Sadness;;;
Она восхищала?;Joy;;;
Она не привязывалась!;Neutral;;;
Скучай!;Sadness;;;
Она не погоревала?;Surprise;;;
Она не восхищалась?;Surprise;;;
Она печалилась?;Sadness;;;
Она угнетала.;Sadness;;;
Она не обалдевала?;Surprise;;;
Она не досадовала.;Joy;;;
Она не приободрялась?;Surprise;;;
Она ярилась.;Неграмматично;;;
Она насмехалась!;Joy;;;
Изумись!;Surprise;;;
Она воскресила!;Surprise;;;
Взволнуй.;Fear;;;
Она не перетревожила!;Neutral;;;
Она поражала!;Surprise;;;
Опостылей!;Sadness;;;
Она не поражала?;Surprise;;;
Она озлобляла?;Surprise;;;
Измочаль!;Неграмматично;;;
Посмейся!;Joy;;;
Умай!;Sadness;;;
Не погрустней.;Joy;;;
Она не разочаровалась.;Joy;;;
Воодушевись.;Joy;;;
Она не освежала.;Sadness;;;
Не порадуйся!;Sadness;;;
Не разгневай?;Surprise;;;
Не погрусти!;Joy;;;
Недолюбливай?;Anger;;;
Она жгла!;Joy;;;
Не встряхнись?;Surprise;;;
Она захандрила!;Sadness;;;
Она не наскучивала?;Surprise;;;
Она обозлилась!;Anger;;;
Она потрясла.;Fear;;;
Подосадуй!;Sadness;;;
Разозли.;Anger;;;
Она не омрачилась?;Surprise;;;
Взорви!;Anger;;;
Она рассвирепела?;Anger;;;
Она выматывала!;Sadness;;;
Не перетрусь!;Joy;;;
Не вдохновляйся!;Sadness;;;
Она не обозлилась.;Joy;;;
Она не истерзалась.;Joy;;;
Она не возмущалась.;Neutral;;;
Не цвети?;Surprise;;;
Она проклинала.;Anger;;;
Она рассвирепела.;Anger;;;
Соси!;Anger;;;
Не дрожи!;Anger;;;
Осерчай.;Anger;;;
Она не помрачала!;Anger;;;
Взволнуй!;Fear;;;
Удиви?;Surprise;;;
Она не освежалась!;Anger;;;
Она встревожилась?;Fear;;;
Расстройся?;Sadness;;;
Не майся?;Surprise;;;
Не обожгись!;Fear;;;
Она не взгрустнула.;Joy;;;
Не осерчай.;Fear;;;
Она раздразнила?;Surprise;;;
Угнетай.;Sadness;;;
Изнервничайся.;Fear;;;
Не мечтай!;Anger;;;
Злобься.;Anger;;;
Не опасайся?;Surprise;;;
Не спугивай.;Neutral;;;
Она не раздразнила.;Neutral;;;
Наскучь.;Sadness;;;
Она не выматывала.;Neutral;;;
Она надоела!;Anger;;;
Не насыться?;Surprise;;;
Она разочаровалась!;Sadness;;;
Она не жалела!;Joy;;;
Не пригорюнься.;Joy;;;
Она устрашала?;Fear;;;
Она кручинилась.;Sadness;;;
Она переживала!;Fear;;;
Устраши.;Fear;;;
Она разочаровалась.;Sadness;;;
Не запугай.;Neutral;;;
Она дрейфила!;Fear;;;
Она не сникла.;Joy;;;
Не воскрешай!;Anger;;;
Нервируй?;Fear;;;
Она не разнервничалась!;Joy;;;
Она не проклинала.;Joy;;;
Она тосковала.;Sadness;;;
Не восхити!;Sadness;;;
Она не веселила?;Sadness;;;
Радуйся?;Joy;;;
Терзайся!;Sadness;;;
Не отчайся.;Joy;;;
Сломи.;Anger;;;
Изведись!;Sadness;;;
Она замучилась?;Surprise;;;
Не рассердись!;Fear;;;
Она не огорчилась.;Joy;;;
Не воскресай.;Neutral;;;
Она не испугалась!;Joy;;;
Не приуной!;Joy;;;
Рассерди?;Anger;;;
Она возвеселилась!;Joy;;;
Не гневи?;Surprise;;;
Возвеселись?;Joy;;;
Она не печалила.;Joy;;;
Удовольствуйся?;Joy;;;
Прискучивай.;Sadness;;;
Она не надивилась!;Sadness;;;
Она перепугала!;Fear;;;
Она не переволновала!;Joy;;;
Она освещала?;Surprise;;;
Не улыбайся.;Sadness;;;
Она не настрадалась!;Anger;;;
Не труси!;Joy;;;
Стервеней.;Anger;;;
Она не стервенела!;Joy;;;
Она веселила.;Joy;;;
Рань!;Sadness;;;
Загорюй!;Sadness;;;
Не поднимай.;Neutral;;;
Она не рыдала.;Joy;;;
Изной.;Sadness;;;
Не удручай?;Surprise;;;
Не разревись!;Anger;;;
Злобствуй.;Anger;;;
Промайся.;Sadness;;;
Взбелени?;Anger;;;
Не убойся.;Joy;;;
Она не запугала?;Surprise;;;
Она не жгла?;Surprise;;;
Обидь!;Sadness;;;
Она не встревожила!;Joy;;;
Озлобляй?;Anger;;;
Она не удручила?;Surprise;;;
Утоми?;Surprise;;;
Не погрустней!;Joy;;;
Не умай!;Anger;;;
Не возмущайся.;Anger;;;
Она взвыла?;Sadness;;;
Отчайся!;Sadness;;;
Терпи!;Anger;;;
Она не топала?;Surprise;;;
Она смела!;Anger;;;
Она не грустила?;Surprise;;;
Она не подшучивала.;Sadness;;;
Не серди.;Fear;;;
Она не устыдилась?;Joy;;;
Она не обмерла.;Joy;;;
Она не дулась.;Joy;;;
Она подосадовала?;Sadness;;;
Не пугани?;Surprise;;;
Не раздосадуй?;Surprise;;;
Она не позлила?;Surprise;;;
Замучивайся.;Sadness;;;
Она соскучилась.;Sadness;;;
Не люби?;Sadness;;;
Она не раздразнивала!;Anger;;;
Она изводилась.;Sadness;;;
Она не тосковала.;Joy;;;
Изматывайся?;Sadness;;;
Не оплакивай.;Joy;;;
Не раздосадуйся.;Joy;;;
Не страдай!;Joy;;;
Изнемогай.;Sadness;;;
Она помрачалась?;Sadness;;;
Она не поднимала.;Neutral;;;
Она нарадовалась.;Joy;;;
Не пошути?;Surprise;;;
Она вспылила!;Anger;;;
Не дивись.;Neutral;;;
Не жги!;Fear;;;
Стервеней?;Anger;;;
Мучься.;Sadness;;;
Она разревелась.;Sadness;;;
Не кисни.;Joy;;;
Не обалдей?;Anger;;;
Не развеселись?;Sadness;;;
Не опечаливай?;Joy;;;
Она не удивляла.;Sadness;;;
Она не раздражала.;Joy;;;
Не рассерчай!;Fear;;;
Она воскресила?;Surprise;;;
Не исстрадайся?;Surprise;;;
Она не смущала?;Surprise;;;
Не паникуй?;Surprise;;;
Она не блаженствовала?;Surprise;;;
Она грустила?;Sadness;;;
Она истосковалась!;Sadness;;;
Не возликуй?;Sadness;;;
Она недолюбливала?;Anger;;;
Она не рассвирепела!;Neutral;;;
Она вымотала?;Sadness;;;
Не озлобляй!;Anger;;;
Она сердилась.;Anger;;;
Она не замучивалась?;Surprise;;;
Не замучивайся.;Joy;;;
Она преследовала!;Fear;;;
Окрысься.;Anger;;;
Она страшила?;Fear;;;
Она не взволновала!;Sadness;;;
Погрустней.;Sadness;;;
Не соси!;Anger;;;
Она гневила.;Anger;;;
Она умаивала.;Sadness;;;
Она восхищалась?;Joy;;;
Не леденей?;Surprise;;;
Она не озлилась.;Joy;;;
Никни!;Sadness;;;
Она не рассмешила.;Sadness;;;
Не переживай?;Surprise;;;
Она разгневала?;Anger;;;
Улыбайся!;Joy;;;
Она не подружилась!;Sadness;;;
Она не озлоблялась.;Joy;;;
Обидь?;Sadness;;;
Не затоскуй!;Joy;;;
Она не ужаснула?;Surprise;;;
Она погневалась?;Anger;;;
Она не терроризировала?;Surprise;;;
Она надеялась?;Surprise;;;
Не забойся!;Joy;;;
Не отчайся!;Joy;;;
Не заледеней?;Surprise;;;
Не перенервничай!;Fear;;;
Она пошутила?;Surprise;;;
Не омрачи?;Surprise;;;
Она взбесила!;Anger;;;
Не развлекись?;Surprise;;;
Она приуныла?;Sadness;;;
Она изумлялась!;Surprise;;;
Не рассерди!;Fear;;;
Она болела.;Neutral;;;
Она плавала.;Neutral;;;
Она не помучилась.;Joy;;;
Не мучь!;Sadness;;;
Нарадуйся!;Joy;;;
Она льстила!;Joy;;;
Она не рассмеялась!;Sadness;;;
Она не окрылилась!;Sadness;;;
Не повеселей?;Sadness;;;
Свирепей!;Anger;;;
Она процветала?;Joy;;;
Она не осточертела!;Joy;;;
Не сторонись!;Anger;;;
Она не возмутилась.;Joy;;;
Окрыли?;Surprise;;;
Она не раздосадовала.;Joy;;;
Не процветай.;Sadness;;;
Она расцветала?;Joy;;;
Не радуй!;Sadness;;;
Не взволнуйся.;Neutral;;;
Она ошеломила?;Surprise;;;
Дрожи!;Fear;;;
Она озлобилась?;Anger;;;
Не озлись.;Fear;;;
Терзайся?;Sadness;;;
Разгневай?;Anger;;;
Она улыбалась.;Joy;;;
Возмущай?;Surprise;;;
Она гордилась?;Joy;;;
Не раздосадуй.;Neutral;;;
Она потосковала.;Sadness;;;
Не улыбайся!;Sadness;;;
Позабавься.;Joy;;;
Она загрустила.;Sadness;;;
Она измочаливала!;Sadness;;;
Волнуйся.;Fear;;;
Взъярись?;Anger;;;
Не тревожь?;Surprise;;;
Не сожалей!;Joy;;;
Она леденила.;Neutral;;;
Она осознавала?;Surprise;;;
Она не любила.;Anger;;;
Изной!;Sadness;;;
Расстраивайся!;Sadness;;;
Не пьяней!;Anger;;;
Не насладись!;Sadness;;;
Хихикай.;Joy;;;
Она не раздосадовалась.;Joy;;;
Она не ужаснулась.;Joy;;;
Она не встревожилась!;Joy;;;
Не обидься.;Fear;;;
Не гневайся!;Fear;;;
Она не резвилась?;Surprise;;;
Оплакивай.;Sadness;;;
Она не раздосадовалась?;Surprise;;;
Она резвилась.;Joy;;;
Бойся.;Fear;;;
Она не рассердила.;Joy;;;
Она взбесилась.;Anger;;;
Она надеялась!;Joy;;;
Она не смутилась?;Surprise;;;
Не обеспокойся.;Joy;;;
Она скучала.;Sadness;;;
Она позлила!;Anger;;;
Она изнурила?;Sadness;;;
Не восхити?;Sadness;;;
Не улыбнись.;Sadness;;;
Она утомила?;Sadness;;;
Не утоми?;Surprise;;;
Не приободряйся!;Sadness;;;
Она не сконфузилась?;Surprise;;;
Не возмущай.;Neutral;;;
Она рассерчала.;Anger;;;
Не достань?;Surprise;;;
Не измучься.;Joy;;;
Не огорчись!;Joy;;;
Она не позлорадствовала!;Joy;;;
Она измаялась!;Sadness;;;
Насладись.;Joy;;;
Потоскуй?;Sadness;;;
Она рассмеялась!;Joy;;;
Она прогневалась!;Anger;;;
Не проплачь!;Joy;;;
Не бойся!;Joy;;;
Она разъярила?;Anger;;;
Она вдохновлялась?;Joy;;;
Не обрадуй?;Sadness;;;
Она забоялась.;Fear;;;
Она не погневалась!;Surprise;;;
Затоскуй.;Sadness;;;
Не окрысься!;Anger;;;
Освежай!;Joy;;;
Не разочаруйся.;Joy;;;
Не хихикай?;Surprise;;;
Она разревелась?;Sadness;;;
Она не измочаливала.;Neutral;;;
Умай?;Surprise;;;
Не настрадайся!;Anger;;;
Она сокрушила.;Neutral;;;
Не помрачай?;Surprise;;;
Она светилась?;Surprise;;;
Истоскуйся?;Sadness;;;
Она растревожила.;Fear;;;
Она не изумлялась?;Surprise;;;
Не струси?;Surprise;;;
Изумляйся.;Surprise;;;
Не потряси?;Surprise;;;
Резвись?;Joy;;;
Страши?;Fear;;;
Не загорюй!;Joy;;;
Она не осерчала!;Joy;;;
Она не оплакивала.;Joy;;;
Она не освежилась?;Surprise;;;
Она не скучала?;Surprise;;;
Не презирай.;Fear;;;
Она горевала.;Sadness;;;
Восхитись?;Joy;;;
Она не возмутила.;Joy;;;
Она не упилась?;Surprise;;;
Развеселись!;Joy;;;
Она обиделась!;Sadness;;;
Раздави.;Anger;;;
Заледеней.;Neutral;;;
Она паниковала!;Fear;;;
Не раздразнивай!;Anger;;;
Она не окрысилась!;Joy;;;
Бесись?;Anger;;;
Не взгрустни!;Joy;;;
Ненавидь?;Anger;;;
Она злела.;Anger;;;
Она отчаялась?;Sadness;;;
Разъяри?;Anger;;;
Освещай!;Neutral;;;
Опьяней!;Neutral;;;
Она недоумевала?;Surprise;;;
Она не восхищала!;Sadness;;;
Не подшучивай.;Sadness;;;
Удиви.;Sadness;;;
Горюй.;Sadness;;;
Она не освежалась.;Sadness;;;
Она не вспылила?;Fear;;;
Вознегодуй!;Anger;;;
Она не обожала.;Sadness;;;
Она смела.;Anger;;;
Она закручинилась.;Sadness;;;
Не дивись!;Neutral;;;
Восхищай?;Joy;;;
Она поникла?;Sadness;;;
Она встряхивалась?;Surprise;;;
Не расцветай?;Surprise;;;
Она не хватила!;Neutral;;;
Она помрачалась!;Sadness;;;
Она опьянела!;Neutral;;;
Рассерчай!;Anger;;;
Она захватывала?;Fear;;;
Она устрашалась?;Fear;;;
Она переволновала?;Fear;;;
Убей!;Anger;;;
Она не рассвирепела.;Joy;;;
Она не домучилась!;Surprise;;;
Не подавляй?;Surprise;;;
Она не заинтересовала!;Anger;;;
Она жалела!;Sadness;;;
Подави.;Anger;;;
Не обомри.;Joy;;;
Не изнуряй.;Joy;;;
Она изнуряла!;Sadness;;;
Не стоскуйся!;Joy;;;
Она не закручинилась.;Joy;;;
Она не возмутилась?;Surprise;;;
Надивись.;Surprise;;;
Она не освещала?;Surprise;;;
Она не убивала!;Anger;;;
Она посмеивалась?;Joy;;;
Она страдала!;Sadness;;;
Она не давила.;Neutral;;;
Не поражайся!;Joy;;;
Не раздражись.;Fear;;;
Она не грустила!;Joy;;;
Доставай!;Neutral;;;
Не гневайся.;Fear;;;
Не разгневайся!;Fear;;;
Не прискучивай?;Surprise;;;
Поникни!;Sadness;;;
Она не кисла!;Joy;;;
Она не побоялась.;Joy;;;
Она не хандрила?;Surprise;;;
Не восторгай?;Sadness;;;
Она поощряла?;Joy;;;
Она не трусила.;Joy;;;
Наслаждайся!;Joy;;;
Поразись?;Joy;;;
Она просияла.;Joy;;;
Она взбадривалась!;Joy;;;
Устыдись.;Fear;;;
Конфузься.;Fear;;;
Она не ослепила?;Neutral;;;
Она не озлобляла!;Joy;;;
Она не гневалась!;Joy;;;
Она настрадалась.;Sadness;;;
Она не натерпелась!;Joy;;;
Она не волновалась!;Joy;;;
Погорюй?;Sadness;;;
Не переверни!;Anger;;;
Омрачайся?;Sadness;;;
Она не туманилась!;Неграмматично;;;
Мучься!;Sadness;;;
Она утомилась!;Sadness;;;
Не обожай?;Sadness;;;
Она не развлеклась?;Surprise;;;
Взъярись.;Anger;;;
Она пуганула!;Fear;;;
Она оплакивала.;Sadness;;;
Она отпугивала.;Fear;;;
Забеспокойся.;Fear;;;
Достань.;Neutral;;;
Она не поразилась?;Surprise;;;
Она горевала!;Sadness;;;
Она не изнемогала?;Surprise;;;
Она остолбенела!;Fear;;;
Не переутоми?;Surprise;;;
Она не мечтала?;Surprise;;;
Она не осточертела.;Joy;;;
Не свирепей!;Anger;;;
Она не упилась.;Neutral;;;
Она не умаяла?;Surprise;;;
Насыться?;Surprise;;;
Не погрусти.;Joy;;;
Не точи.;Neutral;;;
Она не развеселилась.;Sadness;;;
Не обожгись?;Surprise;;;
Не удивляйся!;Anger;;;
Она не упивалась?;Surprise;;;
Не зли?;Surprise;;;
Она перепугала?;Fear;;;
Она не приободрилась.;Sadness;;;
Она сердила?;Anger;;;
Взбесись!;Anger;;;
Не нарадуйся?;Surprise;;;
Она топала.;Neutral;;;
Хвати?;Surprise;;;
Она растревоживала!;Fear;;;
Она не побоялась?;Surprise;;;
Преследуй?;Surprise;;;
Она не заледенела!;Joy;;;
Она не унывала.;Joy;;;
Она не сдрейфила!;Joy;;;
Не пригорюнься!;Joy;;;
Не освещай.;Neutral;;;
Перетревожь?;Fear;;;
Не подружись?;Surprise;;;
Она боялась?;Fear;;;
Надоешь.;Sadness;;;
Не ледени!;Неграмматично;;;
Не изматывайся.;Joy;;;
Она изводилась?;Sadness;;;
Она не перетрусила!;Joy;;;
Разочаруй.;Sadness;;;
Не отпугивай.;Neutral;;;
Она не восхищала?;Surprise;;;
Она не застращала.;Joy;;;
Не изной?;Surprise;;;
Не ужаснись?;Surprise;;;
Не пой?;Surprise;;;
Смущайся?;Fear;;;
Не измотай?;Surprise;;;
Не печаль.;Joy;;;
Она не поощряла?;Surprise;;;
Упивайся.;Anger;;;
Она не изумила.;Neutral;;;
Развлекайся.;Joy;;;
Она не воспрянула.;Sadness;;;
Она не воспрянула?;Surprise;;;
Она осердилась!;Anger;;;
Она не точила!;Neutral;;;
Она не тосковала!;Joy;;;
Не убивайся?;Surprise;;;
Рассмейся.;Joy;;;
Она освещала!;Joy;;;
Она тревожилась.;Fear;;;
Она возмущалась!;Anger;;;
Умаивай.;Sadness;;;
Она бесила!;Anger;;;
Она освежила?;Joy;;;
Она не блаженствовала.;Sadness;;;
Расцветай.;Joy;;;
Она взорвала?;Surprise;;;
Она презирала!;Anger;;;
Не застращай?;Surprise;;;
Она устрашила!;Fear;;;
Она не загоревала!;Joy;;;
Беси!;Anger;;;
Не угрожай?;Fear;;;
Не возмутись.;Neutral;;;
Она не насыщалась!;Sadness;;;
Возненавидь?;Anger;;;
Устраши!;Fear;;;
Она не возвеселилась.;Sadness;;;
Не побойся?;Surprise;;;
Она расцвела.;Joy;;;
Она просияла?;Surprise;;;
Не цвети!;Sadness;;;
Не терроризируй.;Sadness;;;
Она удивилась?;Surprise;;;
Прогневай!;Anger;;;
Сохни!;Anger;;;
Она не колола.;Neutral;;;
Изводись?;Sadness;;;
Она не измоталась?;Surprise;;;
Остолбеней!;Anger;;;
Обеспокойся.;Fear;;;
Она не удовлетворяла?;Sadness;;;
Льсти.;Joy;;;
Она удовольствовалась.;Joy;;;
Приуной!;Неграмматично;;;
Болей?;Surprise;;;
Она не дрейфила.;Joy;;;
Она не остолбенела!;Anger;;;
Не сокрушайся.;Joy;;;
Испугай.;Fear;;;
Не озли!;Anger;;;
Не устрашай!;Surprise;;;
Туманься!;Неграмматично;;;
Не предвкушай?;Surprise;;;
Она сердилась!;Anger;;;
Она не пугала.;Joy;;;
Не тушуйся!;Joy;;;
Она не возненавидела!;Joy;;;
Подшучивай!;Joy;;;
Она не позабавилась?;Sadness;;;
Возмущай!;Anger;;;
Она не прискучивала?;Joy;;;
Весели!;Joy;;;
Не удивляй.;Neutral;;;
Она не взбадривалась!;Sadness;;;
Она мучила.;Sadness;;;
Она понравилась?;Surprise;;;
Она не разочаровала.;Joy;;;
Она не беспокоилась?;Surprise;;;
Не раздражайся?;Surprise;;;
Она удовольствовалась?;Joy;;;
Она не ярилась!;Joy;;;
Она не измоталась!;Joy;;;
Она не побаивалась!;Joy;;;
Обозли.;Anger;;;
Озлись.;Anger;;;
Не рассерди.;Joy;;;
Омрачай?;Sadness;;;
Не невзлюби!;Fear;;;
Переболей.;Sadness;;;
Она закручинилась?;Sadness;;;
Не разнервничайся.;Joy;;;
Она не поднимала?;Surprise;;;
Она не бесилась!;Joy;;;
Она не расстроила!;Joy;;;
Не рассерчай.;Fear;;;
Она не заскучала!;Joy;;;
Она переживала.;Fear;;;
Ужаснись!;Fear;;;
Она не опупела?;Anger;;;
Она не маялась?;Surprise;;;
Она оплакала!;Sadness;;;
Она не волновала!;Anger;;;
Она цвела!;Joy;;;
Содрогайся!;Fear;;;
Процветай?;Joy;;;
Выстрадай?;Sadness;;;
Она не туманилась?;Surprise;;;
Не перепугайся?;Surprise;;;
Она не умаяла.;Joy;;;
Расстраивай.;Sadness;;;
Не стервеней!;Anger;;;
Она удивила?;Surprise;;;
Она позлорадствовала!;Anger;;;
Она злорадствовала?;Anger;;;
Опупей?;Surprise;;;
Она не взбеленила!;Joy;;;
Она не перевернула?;Surprise;;;
Она ободрилась!;Joy;;;
Не прискучь.;Neutral;;;
Она не вытерпела?;Surprise;;;
Перетерпи!;Neutral;;;
Поднимай.;Neutral;;;
Она восторгала!;Joy;;;
Она ранила?;Surprise;;;
Не убей!;Fear;;;
Шантажируй.;Neutral;;;
Она не разъярилась!;Surprise;;;
Не огорчайся?;Surprise;;;
Окрысься?;Anger;;;
Не вспыли?;Surprise;;;
Она не изнывала.;Joy;;;
Она изнуряла.;Sadness;;;
Не прискучь!;Anger;;;
Не хмурься?;Surprise;;;
Она надулась?;Surprise;;;
Она не потрясла!;Anger;;;
Она болела?;Surprise;;;
Она не просияла.;Sadness;;;
Не промайся!;Joy;;;
Не сохни!;Joy;;;
Она обозлилась.;Anger;;;
Рассердись.;Anger;;;
Мечтай!;Joy;;;
Она не смутилась.;Joy;;;
Не воскресни!;Neutral;;;
Она не поплакала!;Joy;;;
Она не убивала.;Neutral;;;
Не обижайся!;Joy;;;
Она разозлила.;Anger;;;
Она подступала.;Neutral;;;
Не приунывай!;Joy;;;
Она приободрилась?;Joy;;;
Она разгневала.;Anger;;;
Она не подступала.;Fear;;;
Она насыщалась!;Joy;;;
Она не разобиделась!;Neutral;;;
Озлобляйся!;Anger;;;
Не удовлетворяй!;Anger;;;
Люби?;Surprise;;;
Она озлилась!;Anger;;;
Обижайся.;Sadness;;;
Она не подавляла.;Neutral;;;
Она не нарадовалась.;Joy;;;
Опьяней?;Surprise;;;
Напугайся?;Fear;;;
Не негодуй.;Joy;;;
Она изводилась!;Sadness;;;
Не дави.;Sadness;;;
Рассмейся?;Joy;;;
Она обожглась?;Fear;;;
Хлебни!;Neutral;;;
Не перенервничай?;Surprise;;;
Тужи!;Sadness;;;
Она посмеялась.;Joy;;;
Она проплакала!;Sadness;;;
Не освежай?;Surprise;;;
Она не терзалась?;Joy;;;
Она не развлекла?;Sadness;;;
Она не взъярилась!;Surprise;;;
Она погрустила.;Sadness;;;
Изнуряй?;Sadness;;;
Она не струхнула.;Neutral;;;
Она освежилась?;Surprise;;;
Не ужасни?;Surprise;;;
Не приободрись?;Surprise;;;
Она разозлилась?;Anger;;;
Возмути.;Anger;;;
Она не возмутила?;Surprise;;;
Не волнуйся.;Joy;;;
Она не прискучила.;Joy;;;
Она сожалела!;Sadness;;;
Не упивайся.;Sadness;;;
Она не раздражилась.;Joy;;;
Она не озлила.;Neutral;;;
Она не пьянела!;Anger;;;
Опостылей.;Sadness;;;
Не взорвись!;Anger;;;
Она сдрейфила?;Fear;;;
Она не утомила!;Joy;;;
Она воскресила.;Neutral;;;
Она не злорадствовала!;Joy;;;
Не помрачись?;Surprise;;;
Не грусти!;Joy;;;
Не светись.;Sadness;;;
Она раздосадовала?;Anger;;;
Сникай?;Sadness;;;
Подиви!;Surprise;;;
Не рыдай!;Anger;;;
Она не ободрилась?;Sadness;;;
Трепещи?;Fear;;;
Прогневай?;Anger;;;
Не удовлетворяйся.;Sadness;;;
Не омрачайся!;Joy;;;
Достань?;Neutral;;;
Не пригорюнься?;Surprise;;;
Страши.;Fear;;;
Она не злорадствовала.;Joy;;;
Не восхитись?;Surprise;;;
Она не подбодрилась.;Joy;;;
Она разъярилась!;Neutral;;;
Воскрешай?;Surprise;;;
Намыкайся.;Неграмматично;;;
Она не восторгала?;Surprise;;;
Она приуныла.;Sadness;;;
Она рассвирепела!;Anger;;;
Воскресни?;Surprise;;;
Она боялась.;Fear;;;
Сникни?;Sadness;;;
Она удручила!;Sadness;;;
Она не посетовала.;Joy;;;
Не помрачайся.;Joy;;;
Она устрашалась!;Fear;;;
Она не волновала?;Surprise;;;
Пугайся?;Fear;;;
Не отчаивайся!;Joy;;;
Проплачь!;Sadness;;;
Она не леденила?;Surprise;;;
Она разволновала?;Fear;;;
Не рань!;Fear;;;
Не погрустней?;Joy;;;
Настрадайся!;Sadness;;;
Она не опечалилась.;Joy;;;
Не стесняйся?;Surprise;;;
Она не намучилась!;Anger;;;
Она улыбнулась?;Joy;;;
Переволнуйся?;Fear;;;
Она омрачала?;Sadness;;;
Она не предвкушала.;Sadness;;;
Она не растревожила?;Neutral;;;
Она изумила.;Surprise;;;
Не льсти.;Anger;;;
Она не переволновала?;Surprise;;;
Она не изумилась.;Neutral;;;
Она не трепетала.;Sadness;;;
Она исстрадалась?;Sadness;;;
Окрыли!;Joy;;;
Она подшучивала!;Joy;;;
Она смутилась.;Sadness;;;
Она обалдела?;Surprise;;;
Устыдись!;Anger;;;
Она не дивилась!;Anger;;;
Позабавься?;Joy;;;
Огорчайся?;Sadness;;;
Она не разъярилась?;Fear;;;
Она дрожала!;Fear;;;
Досадуй!;Sadness;;;
Она не расстраивала.;Joy;;;
Сникни.;Sadness;;;
Она удовлетворялась.;Joy;;;
Она не переволновала.;Neutral;;;
Она не раздавила?;Surprise;;;
Не бесись.;Neutral;;;
Смущай.;Fear;;;
Освежай.;Neutral;;;
Она убоялась.;Fear;;;
Она не устрашала.;Neutral;;;
Она озлобилась.;Anger;;;
Расстраивай?;Sadness;;;
Сломись!;Anger;;;
Она трепетала!;Fear;;;
Она дивила!;Surprise;;;
Она пугалась?;Fear;;;
Не позлорадствуй.;Neutral;;;
Она вознегодовала?;Anger;;;
Она предвкушала?;Joy;;;
Надоедай?;Sadness;;;
Не возрыдай?;Surprise;;;
Не выматывай.;Neutral;;;
Она не выматывала!;Joy;;;
Не сникни.;Joy;;;
Она не насытилась.;Sadness;;;
Не страши.;Neutral;;;
Она не изматывалась.;Neutral;;;
Она не изнемогла!;Joy;;;
Она страдала?;Sadness;;;
Она не плакала.;Joy;;;
Взорвись!;Anger;;;
Она нервировала.;Fear;;;
Развлекись.;Joy;;;
Торжествуй.;Joy;;;
Она не умаивала.;Joy;;;
Она сломила.;Sadness;;;
Гнети.;Anger;;;
Она не насладилась.;Sadness;;;
Она изумляла.;Surprise;;;
Она не прогневала!;Joy;;;
Она не прогневалась.;Joy;;;
Не омрачи!;Anger;;;
Она гнела.;Anger;;;
Тревожься?;Fear;;;
Она подступала?;Surprise;;;
Она не вымотала?;Surprise;;;
Измочаль.;Anger;;;
Она обмирала.;Sadness;;;
Она не погоревала!;Joy;;;
Она переутомляла?;Surprise;;;
Она не насладилась?;Sadness;;;
Обеспокойся?;Fear;;;
Не пугай?;Surprise;;;
Не взгрустни.;Joy;;;
Взорвись.;Anger;;;
Сторонись?;Fear;;;
Осознавай!;Neutral;;;
Она не изумляла.;Sadness;;;
Она не раздразнила?;Surprise;;;
Она не наслаждалась!;Sadness;;;
Сдрейфи?;Fear;;;
Не осердись.;Fear;;;
Она не напугалась?;Surprise;;;
Она не изумила!;Sadness;;;
Не взбодрись!;Sadness;;;
Паникуй?;Fear;;;
Она омрачалась.;Sadness;;;
Она не надивилась.;Neutral;;;
Не поражай!;Sadness;;;
Она обрадовала?;Joy;;;
Не восторгайся?;Sadness;;;
Она сторонилась.;Fear;;;
Она не расстроилась?;Joy;;;
Травмируй?;Anger;;;
Не конфузься?;Surprise;;;
Не просияй!;Sadness;;;
Коли!;Neutral;;;
Не взъярись.;Fear;;;
Не унывай?;Surprise;;;
Перетревожь.;Fear;;;
Не угнетай?;Surprise;;;
Она возмущалась?;Anger;;;
Она разочаровала.;Sadness;;;
Удовлетворяйся.;Joy;;;
Она расстроилась!;Sadness;;;
Она развлеклась?;Joy;;;
Она воскрешала?;Surprise;;;
Взбеленись?;Anger;;;
Она не замучилась!;Joy;;;
Доставай.;Neutral;;;
Она сломила!;Joy;;;
Она вытерпела?;Surprise;;;
Разъяри!;Anger;;;
Не озлись!;Fear;;;
Не раздразни.;Fear;;;
Уважай?;Surprise;;;
Не омрачай.;Joy;;;
Она воодушевилась?;Joy;;;
Переутоми.;Sadness;;;
Застращай!;Fear;;;
Не отчайся?;Surprise;;;
Она не мучила!;Joy;;;
Она не обалдела.;Neutral;;;
Ободрись.;Joy;;;
Не домучься.;Joy;;;
Не обеспокой?;Surprise;;;
Она переутомила!;Anger;;;
Не сохни.;Neutral;;;
Она раздражала.;Anger;;;
Она не переживала?;Surprise;;;
Она бесилась?;Anger;;;
Она подавила?;Anger;;;
Она не скорбела.;Joy;;;
Не опьяней!;Anger;;;
Она не порадовалась?;Sadness;;;
Она смущала?;Fear;;;
Не майся.;Neutral;;;
Она не огорчала?;Surprise;;;
Она не изныла?;Surprise;;;
Она сникла!;Sadness;;;
Кисни!;Sadness;;;
Она погневалась!;Anger;;;
Она не обожглась.;Neutral;;;
Она перетрусила?;Fear;;;
Опечалься!;Sadness;;;
Не намучься.;Joy;;;
Она не поволновалась!;Neutral;;;
Она не обрадовала.;Sadness;;;
Рассерди.;Anger;;;
Она не исстрадалась!;Anger;;;
Не изнемоги?;Surprise;;;
Приободрись.;Joy;;;
Не обрадуйся.;Sadness;;;
Не дуйся!;Joy;;;
Не удовлетворяй?;Sadness;;;
Не позабавься!;Sadness;;;
Она взъярилась!;Anger;;;
Не ослепи.;Neutral;;;
Она не развлекалась?;Sadness;;;
Она мучилась?;Sadness;;;
Она подавляла.;Anger;;;
Она не пугала?;Surprise;;;
Она улыбалась!;Joy;;;
Она не веселилась?;Sadness;;;
Она не невзлюбила!;Joy;;;
Она не омрачила!;Joy;;;
Не окрылись!;Sadness;;;
Она тужила?;Sadness;;;
Она не изнемогла.;Joy;;;
Она пугалась!;Fear;;;
Казнись?;Surprise;;;
Не казнись.;Joy;;;
Она не помрачилась!;Surprise;;;
Она не достала.;Neutral;;;
Она не намыкалась?;Surprise;;;
Она не сохла!;Anger;;;
Она не взгрустнула!;Joy;;;
Развлекайся!;Joy;;;
Она окрысилась?;Anger;;;
Она воодушевилась.;Joy;;;
Удовлетворяйся?;Joy;;;
Насмехайся!;Joy;;;
Она поникла.;Sadness;;;
Не помрачи.;Joy;;;
Не опечаль?;Surprise;;;
Она не опостылела.;Joy;;;
Предвкушай?;Joy;;;
Она не посмеивалась?;Surprise;;;
Освежи.;Joy;;;
Она прогневалась.;Anger;;;
Она возмутилась.;Anger;;;
Она не испугала.;Joy;;;
Наскучивай?;Surprise;;;
Она трепетала.;Fear;;;
Она не прослезилась!;Surprise;;;
Терпи.;Neutral;;;
Она раздражила!;Anger;;;
Она сторонилась!;Fear;;;
Не забойся?;Surprise;;;
Не рыдай?;Surprise;;;
Она побоялась.;Fear;;;
Она не истерзалась!;Joy;;;
Наслаждайся?;Joy;;;
Она не затравила?;Surprise;;;
Она не обожала!;Sadness;;;
Не освежи.;Neutral;;;
Она огорчалась!;Sadness;;;
Она не убоялась.;Joy;;;
Она не обеспокоила.;Joy;;;
Не наскучивай.;Anger;;;
Она заскучала!;Sadness;;;
Оживи?;Surprise;;;
Она не интересовалась!;Sadness;;;
Она затосковала.;Sadness;;;
Не потоскуй!;Joy;;;
Она разозлилась!;Anger;;;
Тревожь!;Fear;;;
Она переболела?;Surprise;;;
Она не покаялась!;Anger;;;
Она не оживила?;Surprise;;;
Точи.;Neutral;;;
Она не трусила?;Surprise;;;
Она не нарадовалась?;Surprise;;;
Она не освежила.;Neutral;;;
Не хихикай.;Sadness;;;
Она улыбнулась!;Joy;;;
Она не раздражилась!;Neutral;;;
Погорюй.;Sadness;;;
Она жалела.;Sadness;;;
Не встряхивайся.;Neutral;;;
Она озлобляла!;Anger;;;
Не тяготи!;Anger;;;
Встряхивайся.;Neutral;;;
Она не взорвалась!;Anger;;;
Она промаялась.;Sadness;;;
Она не удивила?;Surprise;;;
Разочаруйся?;Sadness;;;
Она перевернула?;Surprise;;;
Не содрогайся.;Neutral;;;
Она не интересовалась?;Surprise;;;
Она не убила?;Surprise;;;
Она не резвилась!;Sadness;;;
Она не воодушевилась?;Sadness;;;
Она не насытилась!;Anger;;;
Она омрачила.;Sadness;;;
Не развлекайся?;Surprise;;;
Освещай?;Surprise;;;
Невзлюби?;Anger;;;
Не перетерпи.;Neutral;;;
Не погорюй?;Surprise;;;
Не пошути!;Sadness;;;
Она рассмеялась?;Joy;;;
Она напугала?;Fear;;;
Она не содрогалась?;Surprise;;;
Не опьяней.;Neutral;;;
Дави!;Anger;;;
Омрачи?;Sadness;;;
Она не злобствовала!;Joy;;;
Она перетрусила!;Fear;;;
Она не опасалась!;Neutral;;;
Не стыдись.;Neutral;;;
Озли.;Anger;;;
Волнуй.;Fear;;;
Она не поднимала!;Anger;;;
Не хвати.;Неграмматично;;;
Она устыдилась!;Anger;;;
Не обожгись.;Neutral;;;
Паникуй!;Fear;;;
Она не насытилась?;Surprise;;;
Негодуй.;Anger;;;
Она не изматывала?;Surprise;;;
Она не развлекла.;Sadness;;;
Не горюй?;Joy;;;
Не стоскуйся?;Неграмматично;;;
Не тоскуй!;Joy;;;
Она не восхитила.;Sadness;;;
Она окрылила.;Joy;;;
Она захватывала.;Neutral;;;
Помрачай?;Sadness;;;
Она не тряслась!;Joy;;;
Она переболела!;Joy;;;
Она не сожалела.;Joy;;;
Она поражала?;Surprise;;;
Не ужасай.;Neutral;;;
Она не ранила.;Joy;;;
Она не отчаивалась.;Joy;;;
Она удовлетворялась?;Joy;;;
Она осточертела.;Anger;;;
Она не приободрялась.;Sadness;;;
Не позли?;Surprise;;;
Удовлетворяй!;Joy;;;
Она не рассмеялась.;Sadness;;;
Посетуй.;Sadness;;;
Не обожай!;Anger;;;
Она смеялась!;Joy;;;
Она позлилась?;Anger;;;
Не огорчи?;Surprise;;;
Она не разозлилась.;Joy;;;
Она оживила!;Joy;;;
Опечалься?;Sadness;;;
Освежи!;Joy;;;
Не растревоживай.;Fear;;;
Она фыркала!;Anger;;;
Она не сосала?;Surprise;;;
Она фыркала.;Anger;;;
Она не потрясала.;Sadness;;;
Не наскучь?;Surprise;;;
Она гневалась.;Anger;;;
Она не прогневалась?;Fear;;;
Не поплачь?;Surprise;;;
Не тушуйся?;Joy;;;
Не взбесись?;Surprise;;;
Она не натерпелась?;Anger;;;
Побойся.;Fear;;;
Не подступай!;Anger;;;
Она хлебнула?;Surprise;;;
Она маялась!;Sadness;;;
Отчайся.;Sadness;;;
Она не ослепила.;Neutral;;;
Она подбодрилась?;Joy;;;
Не возрыдай!;Joy;;;
Не хандри.;Joy;;;
Выматывай?;Sadness;;;
Не дрейфи?;Surprise;;;
Не встревожь?;Surprise;;;
Она не льстила?;Surprise;;;
Она не взвыла.;Joy;;;
Она поразилась.;Surprise;;;
Заскучай?;Sadness;;;
Не захватывай!;Anger;;;
Она освежила!;Joy;;;
Она терпела?;Surprise;;;
Отчаивайся.;Sadness;;;
Не взвой.;Anger;;;
Не томись.;Joy;;;
Она возмущалась.;Anger;;;
Не разгневай.;Fear;;;
Изумляй!;Surprise;;;
Не переутомляй!;Anger;;;
Насладись?;Joy;;;
Не балдей.;Sadness;;;
Не струси.;Joy;;;
Она конфузилась.;Fear;;;
Не изводись.;Joy;;;
Она не устрашала?;Surprise;;;
Она не льстила!;Anger;;;
Она подружилась.;Joy;;;
Не окрыли.;Neutral;;;
Она воскресла?;Surprise;;;
Она хандрила.;Sadness;;;
Она поразилась!;Surprise;;;
Не ярись!;Fear;;;
Она окрылилась!;Joy;;;
Она злорадствовала.;Anger;;;
Она развеселила.;Joy;;;
Она не казнилась.;Joy;;;
Не коли.;Neutral;;;
Она не рассмешила?;Surprise;;;
Сокруши!;Anger;;;
Не помрачи?;Surprise;;;
Она измотала!;Anger;;;
Оплакивай?;Sadness;;;
Изнемоги?;Sadness;;;
Она не сломилась!;Joy;;;
Не возмути.;Joy;;;
Она не порадовала!;Sadness;;;
Она не удивилась.;Sadness;;;
Посмейся?;Joy;;;
Не огорчись?;Surprise;;;
Не плавай!;Anger;;;
Она взбодрилась!;Joy;;;
Она не изнурила?;Surprise;;;
Она пьянела?;Surprise;;;
Не перепугай!;Anger;;;
Дрейфи.;Fear;;;
Она не истерзалась?;Surprise;;;
Она не томилась?;Joy;;;
Она приунывала?;Sadness;;;
Она удивлялась!;Surprise;;;
Она приободрилась.;Joy;;;
Напугай?;Fear;;;
Не досадуй!;Joy;;;
Она озлобила?;Anger;;;
Не коли!;Neutral;;;
Она недоумевала!;Surprise;;;
Не опечаль.;Joy;;;
Она разъярилась?;Anger;;;
Льсти!;Joy;;;
Восхити!;Joy;;;
Она посмеивалась!;Joy;;;
Озлобься?;Anger;;;
Она рассердила!;Anger;;;
Она загрустила!;Sadness;;;
Не подиви!;Neutral;;;
Не развеселись.;Sadness;;;
Она не плавала.;Neutral;;;
Обалдей?;Surprise;;;
Не истерзайся!;Anger;;;
Она намучилась.;Sadness;;;
Печаль?;Sadness;;;
Поражай.;Surprise;;;
Не ободрись.;Sadness;;;
Она поверила!;Surprise;;;
Изматывай.;Sadness;;;
Она не тушевалась.;Joy;;;
Перенервничай!;Fear;;;
Подави!;Anger;;;
Побаивайся?;Fear;;;
Злобься?;Anger;;;
Переверни!;Anger;;;
Она расцветала.;Joy;;;
Раздразни.;Joy;;;
Не радуйся.;Sadness;;;
Не замучивайся!;Joy;;;
Не угрюмей?;Surprise;;;
Не устрашись?;Surprise;;;
Она поплакала!;Sadness;;;
Взвой!;Sadness;;;
Ошеломи?;Surprise;;;
Не недоумевай.;Neutral;;;
Она замучилась.;Sadness;;;
Она изнурила.;Sadness;;;
Не нервируй!;Anger;;;
Она нервировала?;Fear;;;
Она изумляла!;Fear;;;
Не озлобься.;Neutral;;;
Не отчаивайся.;Joy;;;
Она осознавала.;Neutral;;;
Она не отчаялась.;Joy;;;
Не тужи.;Joy;;;
Она не устрашалась.;Neutral;;;
Она раздражила.;Anger;;;
Она не дивилась.;Neutral;;;
Не освежись?;Surprise;;;
Не прослезись?;Surprise;;;
Она не смущалась.;Joy;;;
Она не напугалась.;Neutral;;;
Она насмехалась.;Joy;;;
Она торжествовала?;Joy;;;
Не ободрись?;Sadness;;;
Она не воскресла!;Sadness;;;
Она не подружилась?;Surprise;;;
Разобидься!;Anger;;;
Не возрадуйся!;Sadness;;;
Она не бесилась?;Surprise;;;
Она не огорчалась.;Joy;;;
Взбеленись.;Anger;;;
Струси.;Fear;;;
Не разнервничайся?;Surprise;;;
Озлобься.;Anger;;;
Раздражайся.;Anger;;;
Не серди!;Fear;;;
Она запугивала?;Fear;;;
Она радовалась?;Joy;;;
Она взбесила?;Anger;;;
Не встревожь!;Anger;;;
Она не пуганула.;Neutral;;;
Она не пугалась?;Surprise;;;
Не стращай?;Surprise;;;
Она не угнетала!;Anger;;;
Она не изнервничалась.;Neutral;;;
Не унывай!;Joy;;;
Не удовлетворяй.;Sadness;;;
Не домучься!;Anger;;;
Раздражи!;Anger;;;
Она стеснялась?;Surprise;;;
Она не огорчила.;Joy;;;
Пой.;Neutral;;;
Она не развлекала?;Surprise;;;
Не сникай!;Joy;;;
Не изнемогай.;Joy;;;
Сожалей.;Sadness;;;
Не расцвети?;Surprise;;;
Не развлеки!;Neutral;;;
Восторгай?;Joy;;;
Она не раздражила!;Anger;;;
Не негодуй!;Anger;;;
Не ужаснись.;Joy;;;
Не повеселись.;Sadness;;;
Воскрешай!;Joy;;;
Леденей!;Anger;;;
Не посмеивайся!;Sadness;;;
Не печалься?;Surprise;;;
Она вытерпела!;Joy;;;
Не интересуйся.;Sadness;;;
Она ликовала.;Joy;;;
Смущайся!;Fear;;;
Сконфузься?;Fear;;;
Не злобься!;Anger;;;
Она убивала.;Anger;;;
Она развлекла?;Surprise;;;
Она туманилась!;Неграмматично;;;
Насыщайся.;Neutral;;;
Она не огорчала!;Joy;;;
Угнетай?;Surprise;;;
Не беспокойся!;Joy;;;
Она ужаснулась?;Fear;;;
Она не жгла!;Neutral;;;
Не помрачись.;Joy;;;
Поразись!;Joy;;;
Не злобствуй!;Anger;;;
Восторгай!;Joy;;;
Она прискучила?;Surprise;;;
Она не беспокоила?;Surprise;;;
Она испугала!;Fear;;;
Она не сникала!;Joy;;;
Она не удовлетворилась!;Sadness;;;
Не переболей.;Anger;;;
Порази!;Surprise;;;
Она не утомилась!;Anger;;;
Она воспрянула?;Joy;;;
Она не возмутилась!;Anger;;;
Не сердись.;Joy;;;
Воодушевись!;Joy;;;
Не развлеки?;Surprise;;;
Она не прослезилась.;Joy;;;
Она не любовалась.;Sadness;;;
Она наскучивала!;Anger;;;
Она не покаялась.;Neutral;;;
Она не омрачала.;Joy;;;
Она не устрашилась.;Joy;;;
Утомись?;Surprise;;;
Подшучивай.;Joy;;;
Перетрусь!;Fear;;;
Поникни?;Sadness;;;
Она не пела.;Neutral;;;
Не изумляй!;Neutral;;;
Она не разгневала!;Joy;;;
Она дрейфила?;Fear;;;
Не обижайся.;Joy;;;
Она не удовлетворяла.;Sadness;;;
Она не радовала?;Sadness;;;
Она истомилась.;Sadness;;;
Не пугни.;Neutral;;;
Она угнетала!;Sadness;;;
Приунывай?;Sadness;;;
Не терзайся.;Joy;;;
Она не уважала?;Surprise;;;
Она шантажировала.;Neutral;;;
Не удовольствуйся.;Sadness;;;
Она не удовлетворилась?;Surprise;;;
Обижайся!;Sadness;;;
Осточертей.;Anger;;;
Она не развлекалась!;Sadness;;;
Погрусти?;Sadness;;;
Не упивайся!;Anger;;;
Она унывала.;Sadness;;;
Она не леденела.;Neutral;;;
Она приуныла!;Sadness;;;
Она не взбодрилась?;Sadness;;;
Не подавляй.;Neutral;;;
Она сокрушалась!;Sadness;;;
Она не улыбнулась!;Sadness;;;
Не фыркай!;Anger;;;
Туманься?;Neutral;;;
Она потрясала?;Surprise;;;
Не испугайся!;Anger;;;
Не воспрянь.;Sadness;;;
Она ужасалась.;Fear;;;
Она обеспокоилась.;Fear;;;
Не беси?;Surprise;;;
Она встряхнулась.;Joy;;;
Она намыкалась.;Anger;;;
Не изумись!;Anger;;;
Не тревожься.;Joy;;;
Не окрыли!;Anger;;;
Не печалься.;Joy;;;
Помрачай!;Неграмматично;;;
Она поднимала?;Surprise;;;
Она тревожилась!;Fear;;;
Она удручала.;Sadness;;;
Она раздосадовалась?;Sadness;;;
Она содрогалась?;Surprise;;;
Недоумевай.;Surprise;;;
Она затравила?;Surprise;;;
Она позлилась.;Anger;;;
Она не глушила.;Neutral;;;
Она пела.;Neutral;;;
Истомись!;Sadness;;;
Она поражалась?;Surprise;;;
Она не загрустила!;Joy;;;
Не хлебни.;Neutral;;;
Мучь?;Sadness;;;
Она не освежила?;Surprise;;;
Она не подивила!;Anger;;;
Не страши!;Anger;;;
Она не разъярила.;Neutral;;;
Измайся.;Sadness;;;
Поплачь.;Sadness;;;
Она не переболела.;Sadness;;;
Не взбелени!;Anger;;;
Она не подбодрилась!;Sadness;;;
Не разобидься.;Anger;;;
Она не фыркала!;Anger;;;
Не рассмейся?;Surprise;;;
Не беспокой?;Surprise;;;
Она не надулась!;Joy;;;
Она унывала?;Sadness;;;
Не хмурься!;Joy;;;
Она изнемогала!;Sadness;;;
Не жалей!;Joy;;;
Она проклинала!;Anger;;;
Она устрашала.;Fear;;;
Она не точила?;Surprise;;;
Она не разъярила!;Anger;;;
Позли!;Anger;;;
Не натерпись?;Surprise;;;
Не вдохновляйся.;Sadness;;;
Не радуйся!;Sadness;;;
Освежись!;Joy;;;
Труси!;Fear;;;
Устрашайся?;Fear;;;
Опечаливай.;Sadness;;;
Она взгрустнула?;Sadness;;;
Подружись!;Neutral;;;
Она не надоедала.;Neutral;;;
Не воодушевись?;Surprise;;;
Она не невзлюбила?;Неграмматично;;;
Погрусти!;Sadness;;;
Она не испугала!;Joy;;;
Она не встревожила?;Surprise;;;
Она замучивалась.;Sadness;;;
Переутоми?;Surprise;;;
Она восхищала!;Joy;;;
Она не возрадовалась?;Sadness;;;
Не опупей.;Anger;;;
Не улыбнись?;Surprise;;;
Воскрешай.;Neutral;;;
Светись?;Surprise;;;
Убойся?;Fear;;;
Она цвела.;Joy;;;
Не устрашайся.;Neutral;;;
Не насладись.;Sadness;;;
Не улыбнись!;Sadness;;;
Не смейся!;Anger;;;
Она не раздражилась?;Fear;;;
Презирай!;Anger;;;
Она взорвалась.;Anger;;;
Проклинай.;Anger;;;
Не восторгайся!;Sadness;;;
Она не страдала.;Joy;;;
Она скисла!;Sadness;;;
Не напугай.;Neutral;;;
Наскучь?;Surprise;;;
Преследуй!;Neutral;;;
Она не хмурилась?;Surprise;;;
Она не захандрила!;Joy;;;
Не хандри!;Joy;;;
Беспокой.;Fear;;;
Она удовольствовалась!;Неграмматично;;;
Подбодрись?;Joy;;;
Она огорчилась.;Sadness;;;
Не недоумевай?;Anger;;;
Возмути!;Anger;;;
Она расстроила!;Sadness;;;
Она сосала!;Surprise;;;
Она расстроила?;Sadness;;;
Она струсила.;Fear;;;
Улыбайся?;Joy;;;
Она не перепугалась!;Joy;;;
Разгневайся.;Anger;;;
Не светись!;Sadness;;;
Не предвкушай!;Anger;;;
Она скисала.;Sadness;;;
Не напугайся.;Neutral;;;
Она дулась?;Sadness;;;
Не шантажируй?;Surprise;;;
Она обозлила!;Anger;;;
Злобствуй?;Anger;;;
Она прослезилась.;Sadness;;;
Она не порадовалась!;Anger;;;
Не переболей?;Anger;;;
Злобься!;Anger;;;
Грусти?;Sadness;;;
Она не хихикала!;Sadness;;;
Ужасни?;Fear;;;
Она сникла?;Sadness;;;
Не удиви?;Neutral;;;
Она обожглась!;Fear;;;
Она не подивилась!;Surprise;;;
Она настрадалась?;Sadness;;;
Она измучилась.;Sadness;;;
Убивайся.;Sadness;;;
Не радуй?;Sadness;;;
Не злобься?;Surprise;;;
Не ненавидь?;Sadness;;;
Она сдрейфила!;Fear;;;
Она изумлялась.;Surprise;;;
Она не удовлетворилась.;Sadness;;;
Она омрачалась!;Sadness;;;
Она не сердила.;Neutral;;;
Не подшучивай?;Surprise;;;
Побойся?;Fear;;;
Она не удивляла?;Surprise;;;
Она не струхнула!;Joy;;;
Не удовольствуйся?;Неграмматично;;;
Она не расстраивала?;Surprise;;;
Она не доставала!;Neutral;;;
Не освежись!;Sadness;;;
Она не заскучала?;Surprise;;;
Не изуми.;Neutral;;;
Она переутомляла!;Anger;;;
Не надоешь!;Surprise;;;
Сломи!;Anger;;;
Не испугай?;Surprise;;;
Она изнывала.;Sadness;;;
Она намыкалась!;Anger;;;
Не веселись!;Sadness;;;
Она не погрустила?;Sadness;;;
Не напугайся!;Neutral;;;
Не воодушевись!;Sadness;;;
Веселись!;Joy;;;
Переутомляй.;Sadness;;;
Не забойся.;Neutral;;;
Разозли?;Anger;;;
Она не сдрейфила?;Surprise;;;
Не взбодрись?;Neutral;;;
Сокруши.;Anger;;;
Не утомись.;Joy;;;
Она не помрачалась.;Joy;;;
Она не сникла!;Joy;;;
Не возликуй!;Sadness;;;
Пой?;Neutral;;;
Выматывай!;Anger;;;
Она не озлобилась?;Fear;;;
Она не фыркала.;Neutral;;;
Опупей!;Surprise;;;
Плачь?;Sadness;;;
Она не помрачалась?;Surprise;;;
Не подружись!;Anger;;;
Не услаждайся.;Sadness;;;
Она поразила!;Surprise;;;
Она соскучилась!;Sadness;;;
Не измочаливай!;Anger;;;
Она проплакала?;Sadness;;;
Дуйся?;Surprise;;;
Она замучивалась!;Sadness;;;
Встряхнись.;Joy;;;
Не омрачайся.;Joy;;;
Она не домучилась?;Anger;;;
Помучься?;Sadness;;;
Она не отчаивалась?;Joy;;;
Она бесила.;Anger;;;
Улыбнись.;Joy;;;
Серчай.;Anger;;;
Она не терзалась.;Neutral;;;
Не развеселись!;Sadness;;;
Она убоялась!;Fear;;;
Она не подступала?;Fear;;;
Она не сердила?;Surprise;;;
Ненавидь!;Anger;;;
Не оживи?;Surprise;;;
Она смущала.;Fear;;;
Она отпугивала!;Fear;;;
Она не опостылела!;Anger;;;
Она не опечалилась?;Sadness;;;
Не воскреси?;Surprise;;;
Не покайся?;Surprise;;;
Она страшила.;Fear;;;
Она взволновала!;Joy;;;
Она не плавала!;Neutral;;;
Она освежалась!;Joy;;;
Она не захватывала.;Neutral;;;
Она насыщалась.;Neutral;;;
Она не надулась?;Surprise;;;
Не развлекись!;Anger;;;
Она не понравилась.;Sadness;;;
Она хмурилась!;Anger;;;
Тоскуй.;Sadness;;;
Она не воодушевилась!;Sadness;;;
Не встревожься!;Neutral;;;
Она не ужаснула!;Joy;;;
Она не терроризировала.;Neutral;;;
Она ярилась!;Anger;;;
Она не расцвела.;Sadness;;;
Она хихикала!;Joy;;;
Она удручила?;Sadness;;;
Умаивай!;Sadness;;;
Невзлюби.;Anger;;;
Она удивлялась?;Surprise;;;
Топай.;Neutral;;;
Она повеселилась!;Joy;;;
Она изумилась!;Surprise;;;
Она не обрадовалась.;Sadness;;;
Она беспокоилась!;Fear;;;
Помучься!;Anger;;;
Она изнемогала.;Sadness;;;
Не расстраивай.;Sadness;;;
Она возненавидела?;Fear;;;
Не разволнуй?;Surprise;;;
Она потрясала.;Surprise;;;
Она прискучивала!;Sadness;;;
Она не побаивалась.;Joy;;;
Не затоскуй?;Joy;;;
Оживи!;Joy;;;
Она не насыщалась.;Anger;;;
Она не забоялась!;Joy;;;
Она вымотала.;Sadness;;;
Она порадовала?;Joy;;;
Она страшилась!;Fear;;;
Не радуйся?;Sadness;;;
Стесняйся.;Fear;;;
Она шантажировала!;Fear;;;
Не взбеси!;Anger;;;
Она не изводилась.;Neutral;;;
Она прискучивала.;Sadness;;;
Она не веселилась.;Sadness;;;
Сникни!;Sadness;;;
Не переволнуйся!;Anger;;;
Она не пошутила.;Sadness;;;
Она не озлилась?;Fear;;;
Не восхищайся.;Sadness;;;
Не скорби.;Joy;;;
Она возмутилась?;Surprise;;;
Она не гнела!;Anger;;;
Она изнемогала?;Sadness;;;
Она рассердилась!;Anger;;;
Не выстрадай?;Surprise;;;
Встряхнись!;Joy;;;
Фыркай?;Surprise;;;
Порадуй!;Joy;;;
Она надивилась!;Surprise;;;
Смущайся.;Fear;;;
Она перетерпела.;Sadness;;;
Не терпи?;Anger;;;
Она веселила?;Joy;;;
Не соси.;Neutral;;;
Не порадуй?;Sadness;;;
Она разочаровалась?;Sadness;;;
Изведись?;Sadness;;;
Она перетрусила.;Fear;;;
Сдрейфи.;Fear;;;
Она не повеселела!;Sadness;;;
Разнервничайся!;Fear;;;
Не насладись?;Sadness;;;
Ликуй.;Joy;;;
Не трепещи.;Neutral;;;
Она не беспокоила!;Anger;;;
Не оживи!;Anger;;;
Она не разозлила!;Anger;;;
Не забеспокойся?;Surprise;;;
Она изматывала.;Sadness;;;
Не разъярись.;Fear;;;
Она хлебнула.;Neutral;;;
Не горюй.;Joy;;;
Шантажируй!;Anger;;;
Пригорюнься?;Sadness;;;
Она не процветала.;Sadness;;;
Вымотай?;Surprise;;;
Она не улыбалась.;Sadness;;;
Не взволнуй?;Surprise;;;
Она казнилась.;Sadness;;;
Сконфузься!;Fear;;;
Не порадуйся?;Surprise;;;
Не скисай!;Joy;;;
Не угнетай!;Anger;;;
Не остолбеней.;Anger;;;
Не намучься!;Anger;;;
Не перепугай?;Surprise;;;
Не огорчись.;Joy;;;
Не ледени?;Неграмматично;;;
Она не надивилась?;Surprise;;;
Она не рассмешила!;Sadness;;;
Она не давила?;Surprise;;;
Не обидь!;Anger;;;
Она не балдела?;Sadness;;;
Она фыркала?;Joy;;;
Не воскреси!;Fear;;;
Поощряй.;Joy;;;
Смущай!;Joy;;;
Бесись.;Anger;;;
Обидься!;Sadness;;;
Не мечтай?;Anger;;;
Раздражи?;Anger;;;
Не рассердись?;Surprise;;;
Выматывай.;Sadness;;;
Изнервничайся!;Fear;;;
Жги?;Joy;;;
Не истерзайся?;Surprise;;;
Обалдей.;Surprise;;;
Она не обрадовала?;Sadness;;;
Она не измочалила.;Sadness;;;
Опьяней.;Неграмматично;;;
Не удовлетворяйся!;Sadness;;;
Не промайся.;Неграмматично;;;
Восхищай!;Joy;;;
Она топала!;Anger;;;
Она раздавила!;Joy;;;
Не замучься.;Neutral;;;
Она не замучилась?;Sadness;;;
Она не взбесилась!;Anger;;;
Не возненавидь.;Joy;;;
Освежись?;Neutral;;;
Обрадуйся!;Joy;;;
Не огорчай!;Joy;;;
Она развлекала.;Joy;;;
Не скисни!;Joy;;;
Она не опупела!;Anger;;;
Зли.;Joy;;;
Не смейся?;Surprise;;;
Озлобляй!;Anger;;;
Она не прогневала?;Surprise;;;
Она раздразнивала!;Joy;;;
Захватывай!;Joy;;;
Не заледеней.;Неграмматично;;;
Она не струхнула?;Surprise;;;
Она встревожила?;Fear;;;
Смейся?;Joy;;;
Не разволнуй.;Fear;;;
Замучивайся!;Sadness;;;
Она поволновалась!;Fear;;;
Пугай.;Fear;;;
Она угрюмела.;Sadness;;;
Она взорвалась!;Surprise;;;
Рассмеши.;Joy;;;
Она не стервенела?;Surprise;;;
Переволнуй!;Неграмматично;;;
Не сторонись?;Surprise;;;
Она горевала?;Sadness;;;
Процветай!;Joy;;;
Она не ошеломила!;Anger;;;
Она рыдала!;Sadness;;;
Она хихикала.;Joy;;;
Злобствуй!;Anger;;;
Расцветай?;Surprise;;;
Она не изнемогала.;Joy;;;
Она перетревожила!;Неграмматично;;;
Огорчай.;Sadness;;;
Она дрейфила.;Fear;;;
Покайся?;Anger;;;
Подружись?;Neutral;;;
Не тяготи?;Neutral;;;
Не омрачи.;Joy;;;
Не переверни?;Neutral;;;
Восхищай.;Joy;;;
Злорадствуй?;Anger;;;
Не хлебни!;Anger;;;
Майся?;Anger;;;
Не рыдай.;Anger;;;
Она не злорадствовала?;Surprise;;;
Затоскуй?;Sadness;;;
Ободряйся.;Joy;;;
Она не натерпелась.;Anger;;;
Злись?;Anger;;;
Не ярись?;Anger;;;
Возмутись?;Anger;;;
Не омрачай!;Anger;;;
Она не перевернула!;Joy;;;
Не изнервничайся.;Anger;;;
Она не леденила!;Neutral;;;
Она негодовала!;Anger;;;
Озлобляй.;Anger;;;
Не истоскуйся!;Joy;;;
Она цвела?;Surprise;;;
Не возрадуйся?;Surprise;;;
Она смущалась!;Fear;;;